timestamp,temperature,humidity,soil_moisture,rain_intensity,prediction,label,confidence
2026-06-25T01:42:24.762127,35,40,20,,1,SIRAM,1.0000
2026-06-25T01:42:28.452986,25,80,75,,1,SIRAM,0.4477
2026-06-25T01:42:32.592869,40,30,5,,1,SIRAM,1.0000
2026-06-25T01:43:35.777524,25,80,90,,0,TIDAK,0.8478
2026-06-25T01:43:35.853362,35,40,10,,1,SIRAM,1.0000
2026-06-25T01:43:35.945655,20,70,50,,0,TIDAK,0.5537
2026-06-25T01:51:01.173180,35,40,10,Wheat,Black Soil,Germination,1,SIRAM,0.9200
2026-06-25T22:46:36.236069,0,0,31,Wheat,Black Soil,Germination,0,TIDAK,0.6400
2026-06-25T22:46:41.973068,0,0,31,Wheat,Black Soil,Germination,0,TIDAK,0.6400
2026-06-25T22:46:46.755666,0,0,30,Wheat,Black Soil,Germination,0,TIDAK,0.6133
2026-06-25T22:46:52.007562,0,0,29,Wheat,Black Soil,Germination,0,TIDAK,0.5867
2026-06-25T22:46:56.765259,0,0,30,Wheat,Black Soil,Germination,0,TIDAK,0.6133
2026-06-25T22:47:02.109130,0,0,29,Wheat,Black Soil,Germination,0,TIDAK,0.5867
2026-06-25T22:47:06.634409,0,0,29,Wheat,Black Soil,Germination,0,TIDAK,0.5867
2026-06-25T22:47:12.375529,0,0,32,Wheat,Black Soil,Germination,0,TIDAK,0.6400
2026-06-25T22:47:16.164753,0,0,33,Wheat,Black Soil,Germination,0,TIDAK,0.6600
2026-06-25T22:47:21.515322,0,0,33,Wheat,Black Soil,Germination,0,TIDAK,0.6600
2026-06-25T22:47:27.078814,0,0,32,Wheat,Black Soil,Germination,0,TIDAK,0.6400
2026-06-25T22:47:31.534373,0,0,32,Wheat,Black Soil,Germination,0,TIDAK,0.6400
2026-06-25T22:47:36.550390,0,0,31,Wheat,Black Soil,Germination,0,TIDAK,0.6400
2026-06-25T22:47:41.642701,0,0,30,Wheat,Black Soil,Germination,0,TIDAK,0.6133
2026-06-25T22:47:46.786934,0,0,32,Wheat,Black Soil,Germination,0,TIDAK,0.6400
2026-06-25T22:47:51.651981,0,0,32,Wheat,Black Soil,Germination,0,TIDAK,0.6400
2026-06-25T22:47:56.681272,0,0,34,Wheat,Black Soil,Germination,0,TIDAK,0.6800
2026-06-25T22:48:01.884495,0,0,33,Wheat,Black Soil,Germination,0,TIDAK,0.6600
2026-06-25T22:48:06.440216,0,0,33,Wheat,Black Soil,Germination,0,TIDAK,0.6600
2026-06-25T22:48:12.029124,0,0,33,Wheat,Black Soil,Germination,0,TIDAK,0.6600
2026-06-25T22:48:16.672035,0,0,32,Wheat,Black Soil,Germination,0,TIDAK,0.6400
2026-06-25T22:48:21.570221,0,0,29,Wheat,Black Soil,Germination,0,TIDAK,0.5867
2026-06-25T22:48:26.475652,0,0,29,Wheat,Black Soil,Germination,0,TIDAK,0.5867
2026-06-25T22:48:31.090853,0,0,31,Wheat,Black Soil,Germination,0,TIDAK,0.6400
2026-06-25T22:48:36.111781,0,0,30,Wheat,Black Soil,Germination,0,TIDAK,0.6133
2026-06-25T22:48:41.200224,0,0,30,Wheat,Black Soil,Germination,0,TIDAK,0.6133
2026-06-25T22:48:46.656203,0,0,32,Wheat,Black Soil,Germination,0,TIDAK,0.6400
2026-06-25T22:48:51.678253,0,0,30,Wheat,Black Soil,Germination,0,TIDAK,0.6133
2026-06-25T22:48:56.775736,0,0,31,Wheat,Black Soil,Germination,0,TIDAK,0.6400
2026-06-25T22:49:01.180966,0,0,33,Wheat,Black Soil,Germination,0,TIDAK,0.6600
2026-06-25T22:49:06.212768,0,0,31,Wheat,Black Soil,Germination,0,TIDAK,0.6400
2026-06-25T22:49:11.843136,0,0,29,Wheat,Black Soil,Germination,0,TIDAK,0.5867
2026-06-25T22:49:16.756415,0,0,34,Wheat,Black Soil,Germination,0,TIDAK,0.6800
2026-06-25T22:49:21.440858,0,0,33,Wheat,Black Soil,Germination,0,TIDAK,0.6600
2026-06-25T22:49:26.475031,0,0,33,Wheat,Black Soil,Germination,0,TIDAK,0.6600
2026-06-25T22:49:31.305009,0,0,32,Wheat,Black Soil,Germination,0,TIDAK,0.6400
2026-06-25T22:49:36.685417,0,0,34,Wheat,Black Soil,Germination,0,TIDAK,0.6800
2026-06-25T22:49:41.753577,0,0,32,Wheat,Black Soil,Germination,0,TIDAK,0.6400
2026-06-25T22:49:46.877780,0,0,33,Wheat,Black Soil,Germination,0,TIDAK,0.6600
2026-06-25T22:49:51.762829,0,0,33,Wheat,Black Soil,Germination,0,TIDAK,0.6600
2026-06-25T22:49:56.864083,0,0,32,Wheat,Black Soil,Germination,0,TIDAK,0.6400
2026-06-25T22:50:01.822295,0,0,32,Wheat,Black Soil,Germination,0,TIDAK,0.6400
2026-06-25T22:50:06.921790,0,0,32,Wheat,Black Soil,Germination,0,TIDAK,0.6400
2026-06-25T22:50:11.514411,0,0,31,Wheat,Black Soil,Germination,0,TIDAK,0.6400
2026-06-25T22:50:16.772830,0,0,32,Wheat,Black Soil,Germination,0,TIDAK,0.6400
2026-06-25T22:50:21.325867,0,0,32,Wheat,Black Soil,Germination,0,TIDAK,0.6400
2026-06-25T22:50:26.153646,0,0,31,Wheat,Black Soil,Germination,0,TIDAK,0.6400
2026-06-25T22:50:31.110065,0,0,32,Wheat,Black Soil,Germination,0,TIDAK,0.6400
2026-06-25T22:50:36.148811,0,0,33,Wheat,Black Soil,Germination,0,TIDAK,0.6600
2026-06-25T22:50:41.686234,0,0,32,Wheat,Black Soil,Germination,0,TIDAK,0.6400
2026-06-25T22:50:46.714595,0,0,33,Wheat,Black Soil,Germination,0,TIDAK,0.6600
2026-06-25T22:50:51.679226,0,0,33,Wheat,Black Soil,Germination,0,TIDAK,0.6600
2026-06-25T22:50:56.859851,0,0,32,Wheat,Black Soil,Germination,0,TIDAK,0.6400
2026-06-25T22:51:01.700728,0,0,34,Wheat,Black Soil,Germination,0,TIDAK,0.6800
2026-06-25T22:51:06.724376,0,0,33,Wheat,Black Soil,Germination,0,TIDAK,0.6600
2026-06-25T22:51:11.732629,0,0,32,Wheat,Black Soil,Germination,0,TIDAK,0.6400
2026-06-25T22:51:16.464204,0,0,33,Wheat,Black Soil,Germination,0,TIDAK,0.6600
2026-06-25T22:51:21.101787,0,0,31,Wheat,Black Soil,Germination,0,TIDAK,0.6400
2026-06-25T22:51:27.216959,0,0,31,Wheat,Black Soil,Germination,0,TIDAK,0.6400
2026-06-25T22:51:31.746703,0,0,32,Wheat,Black Soil,Germination,0,TIDAK,0.6400
2026-06-25T22:51:36.241200,0,0,32,Wheat,Black Soil,Germination,0,TIDAK,0.6400
2026-06-25T22:51:41.848647,0,0,31,Wheat,Black Soil,Germination,0,TIDAK,0.6400
2026-06-25T22:51:46.880695,0,0,31,Wheat,Black Soil,Germination,0,TIDAK,0.6400
2026-06-25T22:51:51.688732,0,0,31,Wheat,Black Soil,Germination,0,TIDAK,0.6400
2026-06-25T22:51:56.212205,0,0,31,Wheat,Black Soil,Germination,0,TIDAK,0.6400
2026-06-25T22:52:01.193008,0,0,32,Wheat,Black Soil,Germination,0,TIDAK,0.6400
2026-06-25T22:52:06.134751,0,0,31,Wheat,Black Soil,Germination,0,TIDAK,0.6400
2026-06-25T22:52:11.389730,0,0,31,Wheat,Black Soil,Germination,0,TIDAK,0.6400
2026-06-25T22:52:16.998385,0,0,30,Wheat,Black Soil,Germination,0,TIDAK,0.6133
2026-06-25T22:52:21.689264,0,0,30,Wheat,Black Soil,Germination,0,TIDAK,0.6133
2026-06-25T22:52:26.102761,0,0,30,Wheat,Black Soil,Germination,0,TIDAK,0.6133
2026-06-25T22:52:31.086615,0,0,31,Wheat,Black Soil,Germination,0,TIDAK,0.6400
2026-06-25T22:52:37.138234,0,0,31,Wheat,Black Soil,Germination,0,TIDAK,0.6400
2026-06-25T22:52:41.957402,0,0,32,Wheat,Black Soil,Germination,0,TIDAK,0.6400
2026-06-25T22:52:46.657111,0,0,32,Wheat,Black Soil,Germination,0,TIDAK,0.6400
2026-06-25T22:52:51.743260,0,0,31,Wheat,Black Soil,Germination,0,TIDAK,0.6400
2026-06-25T22:52:56.136831,0,0,31,Wheat,Black Soil,Germination,0,TIDAK,0.6400
2026-06-25T22:53:01.984939,0,0,32,Wheat,Black Soil,Germination,0,TIDAK,0.6400
2026-06-25T22:53:07.061759,0,0,32,Wheat,Black Soil,Germination,0,TIDAK,0.6400
2026-06-25T22:53:11.700824,0,0,31,Wheat,Black Soil,Germination,0,TIDAK,0.6400
2026-06-25T22:53:16.770994,0,0,33,Wheat,Black Soil,Germination,0,TIDAK,0.6600
2026-06-25T22:53:22.435374,0,0,33,Wheat,Black Soil,Germination,0,TIDAK,0.6600
2026-06-25T22:53:26.088729,0,0,31,Wheat,Black Soil,Germination,0,TIDAK,0.6400
2026-06-25T22:53:31.835563,0,0,32,Wheat,Black Soil,Germination,0,TIDAK,0.6400
2026-06-25T22:53:36.840982,0,0,31,Wheat,Black Soil,Germination,0,TIDAK,0.6400
2026-06-25T22:53:41.504133,0,0,31,Wheat,Black Soil,Germination,0,TIDAK,0.6400
2026-06-25T22:53:46.931415,0,0,30,Wheat,Black Soil,Germination,0,TIDAK,0.6133
2026-06-25T22:53:51.723087,0,0,29,Wheat,Black Soil,Germination,0,TIDAK,0.5867
2026-06-25T22:53:56.849010,0,0,29,Wheat,Black Soil,Germination,0,TIDAK,0.5867
2026-06-25T22:54:01.852390,0,0,29,Wheat,Black Soil,Germination,0,TIDAK,0.5867
2026-06-25T22:54:06.666591,0,0,29,Wheat,Black Soil,Germination,0,TIDAK,0.5867
2026-06-25T22:54:11.971294,0,0,29,Wheat,Black Soil,Germination,0,TIDAK,0.5867
2026-06-25T22:54:16.552638,0,0,29,Wheat,Black Soil,Germination,0,TIDAK,0.5867
2026-06-25T22:54:21.581325,0,0,30,Wheat,Black Soil,Germination,0,TIDAK,0.6133
2026-06-25T22:54:26.584893,0,0,29,Wheat,Black Soil,Germination,0,TIDAK,0.5867
2026-06-25T22:54:32.384295,0,0,30,Wheat,Black Soil,Germination,0,TIDAK,0.6133
2026-06-25T22:54:37.109490,0,0,28,Wheat,Black Soil,Germination,0,TIDAK,0.5867
2026-06-25T22:54:41.724769,0,0,30,Wheat,Black Soil,Germination,0,TIDAK,0.6133
2026-06-25T22:54:46.741038,0,0,30,Wheat,Black Soil,Germination,0,TIDAK,0.6133
2026-06-25T22:54:52.007536,0,0,33,Wheat,Black Soil,Germination,0,TIDAK,0.6600
2026-06-25T22:54:56.935712,0,0,33,Wheat,Black Soil,Germination,0,TIDAK,0.6600
2026-06-25T22:55:01.655828,0,0,33,Wheat,Black Soil,Germination,0,TIDAK,0.6600
2026-06-25T22:55:06.325024,0,0,32,Wheat,Black Soil,Germination,0,TIDAK,0.6400
2026-06-25T22:55:11.220664,0,0,33,Wheat,Black Soil,Germination,0,TIDAK,0.6600
2026-06-25T22:55:17.262264,0,0,31,Wheat,Black Soil,Germination,0,TIDAK,0.6400
2026-06-25T22:55:21.473840,0,0,33,Wheat,Black Soil,Germination,0,TIDAK,0.6600
2026-06-25T22:55:26.785068,0,0,31,Wheat,Black Soil,Germination,0,TIDAK,0.6400
2026-06-25T22:55:31.091572,0,0,32,Wheat,Black Soil,Germination,0,TIDAK,0.6400
2026-06-25T22:55:37.024173,0,0,33,Wheat,Black Soil,Germination,0,TIDAK,0.6600
2026-06-25T22:55:41.940597,0,0,33,Wheat,Black Soil,Germination,0,TIDAK,0.6600
2026-06-25T22:55:46.921020,0,0,33,Wheat,Black Soil,Germination,0,TIDAK,0.6600
2026-06-25T22:55:52.010094,0,0,33,Wheat,Black Soil,Germination,0,TIDAK,0.6600
2026-06-25T22:55:56.124892,0,0,33,Wheat,Black Soil,Germination,0,TIDAK,0.6600
2026-06-25T22:56:01.137298,0,0,33,Wheat,Black Soil,Germination,0,TIDAK,0.6600
2026-06-25T22:56:06.817280,0,0,32,Wheat,Black Soil,Germination,0,TIDAK,0.6400
2026-06-25T22:56:11.673658,0,0,32,Wheat,Black Soil,Germination,0,TIDAK,0.6400
2026-06-25T22:56:16.792490,0,0,32,Wheat,Black Soil,Germination,0,TIDAK,0.6400
2026-06-25T22:56:21.130419,0,0,32,Wheat,Black Soil,Germination,0,TIDAK,0.6400
2026-06-25T22:56:26.113015,0,0,31,Wheat,Black Soil,Germination,0,TIDAK,0.6400
2026-06-25T22:56:32.175182,0,0,31,Wheat,Black Soil,Germination,0,TIDAK,0.6400
2026-06-25T22:56:36.909647,0,0,32,Wheat,Black Soil,Germination,0,TIDAK,0.6400
2026-06-25T22:56:41.831722,0,0,32,Wheat,Black Soil,Germination,0,TIDAK,0.6400
2026-06-25T22:56:46.091434,0,0,33,Wheat,Black Soil,Germination,0,TIDAK,0.6600
2026-06-25T22:56:51.098734,0,0,32,Wheat,Black Soil,Germination,0,TIDAK,0.6400
2026-06-25T22:56:56.588820,0,0,31,Wheat,Black Soil,Germination,0,TIDAK,0.6400
2026-06-25T22:57:01.756153,0,0,32,Wheat,Black Soil,Germination,0,TIDAK,0.6400
2026-06-25T22:57:06.598053,0,0,33,Wheat,Black Soil,Germination,0,TIDAK,0.6600
2026-06-25T22:57:11.776276,0,0,33,Wheat,Black Soil,Germination,0,TIDAK,0.6600
2026-06-25T22:57:16.129909,0,0,33,Wheat,Black Soil,Germination,0,TIDAK,0.6600
2026-06-25T22:57:21.110963,0,0,35,Wheat,Black Soil,Germination,0,TIDAK,0.6800
2026-06-25T22:57:26.942703,0,0,22,Wheat,Black Soil,Germination,0,TIDAK,0.5867
2026-06-25T22:57:31.825142,0,0,18,Wheat,Black Soil,Germination,0,TIDAK,0.5867
2026-06-25T22:57:36.692225,0,0,20,Wheat,Black Soil,Germination,0,TIDAK,0.5867
2026-06-25T22:57:41.074159,0,0,22,Wheat,Black Soil,Germination,0,TIDAK,0.5867
2026-06-25T22:57:46.732897,0,0,20,Wheat,Black Soil,Germination,0,TIDAK,0.5867
2026-06-25T22:57:51.198309,0,0,29,Wheat,Black Soil,Germination,0,TIDAK,0.5867
2026-06-25T22:57:57.523855,0,0,27,Wheat,Black Soil,Germination,0,TIDAK,0.5867
2026-06-25T22:58:01.209405,0,0,24,Wheat,Black Soil,Germination,0,TIDAK,0.5867
2026-06-25T22:58:06.592911,0,0,24,Wheat,Black Soil,Germination,0,TIDAK,0.5867
2026-06-25T22:58:11.384959,0,0,24,Wheat,Black Soil,Germination,0,TIDAK,0.5867
2026-06-25T22:58:16.493927,0,0,24,Wheat,Black Soil,Germination,0,TIDAK,0.5867
2026-06-25T22:58:21.830310,0,0,29,Wheat,Black Soil,Germination,0,TIDAK,0.5867
2026-06-25T22:58:27.644083,0,0,29,Wheat,Black Soil,Germination,0,TIDAK,0.5867
2026-06-25T22:58:31.695984,0,0,17,Wheat,Black Soil,Germination,0,TIDAK,0.5867
2026-06-25T22:58:36.545725,0,0,18,Wheat,Black Soil,Germination,0,TIDAK,0.5867
2026-06-25T22:58:41.628265,0,0,20,Wheat,Black Soil,Germination,0,TIDAK,0.5867
2026-06-25T22:58:46.873200,0,0,21,Wheat,Black Soil,Germination,0,TIDAK,0.5867
2026-06-25T22:58:51.099967,0,0,20,Wheat,Black Soil,Germination,0,TIDAK,0.5867
2026-06-25T22:58:56.943124,0,0,20,Wheat,Black Soil,Germination,0,TIDAK,0.5867
2026-06-25T22:59:02.089457,0,0,21,Wheat,Black Soil,Germination,0,TIDAK,0.5867
2026-06-25T22:59:06.473874,0,0,21,Wheat,Black Soil,Germination,0,TIDAK,0.5867
2026-06-25T22:59:11.916882,0,0,20,Wheat,Black Soil,Germination,0,TIDAK,0.5867
2026-06-25T22:59:16.109797,0,0,19,Wheat,Black Soil,Germination,0,TIDAK,0.5867
2026-06-25T22:59:21.826541,0,0,19,Wheat,Black Soil,Germination,0,TIDAK,0.5867
2026-06-25T22:59:26.640326,0,0,20,Wheat,Black Soil,Germination,0,TIDAK,0.5867
2026-06-25T22:59:31.865707,0,0,21,Wheat,Black Soil,Germination,0,TIDAK,0.5867
2026-06-25T22:59:37.061519,0,0,21,Wheat,Black Soil,Germination,0,TIDAK,0.5867
2026-06-25T22:59:41.109878,0,0,20,Wheat,Black Soil,Germination,0,TIDAK,0.5867
2026-06-25T22:59:46.129210,0,0,21,Wheat,Black Soil,Germination,0,TIDAK,0.5867
2026-06-25T22:59:51.567833,0,0,20,Wheat,Black Soil,Germination,0,TIDAK,0.5867
2026-06-25T22:59:56.756363,0,0,22,Wheat,Black Soil,Germination,0,TIDAK,0.5867
2026-06-25T23:00:02.335545,0,0,22,Wheat,Black Soil,Germination,0,TIDAK,0.5867
2026-06-25T23:00:06.734534,0,0,21,Wheat,Black Soil,Germination,0,TIDAK,0.5867
2026-06-25T23:00:11.203330,0,0,22,Wheat,Black Soil,Germination,0,TIDAK,0.5867
2026-06-25T23:00:16.932281,0,0,22,Wheat,Black Soil,Germination,0,TIDAK,0.5867
2026-06-25T23:00:21.454864,0,0,22,Wheat,Black Soil,Germination,0,TIDAK,0.5867
2026-06-25T23:00:26.766343,0,0,21,Wheat,Black Soil,Germination,0,TIDAK,0.5867
2026-06-25T23:00:32.063063,0,0,23,Wheat,Black Soil,Germination,0,TIDAK,0.5867
2026-06-25T23:00:36.749030,0,0,27,Wheat,Black Soil,Germination,0,TIDAK,0.5867
2026-06-25T23:00:41.705378,0,0,20,Wheat,Black Soil,Germination,0,TIDAK,0.5867
2026-06-25T23:00:47.437653,0,0,19,Wheat,Black Soil,Germination,0,TIDAK,0.5867
2026-06-25T23:00:51.318713,0,0,22,Wheat,Black Soil,Germination,0,TIDAK,0.5867
2026-06-25T23:00:56.100654,0,0,22,Wheat,Black Soil,Germination,0,TIDAK,0.5867
2026-06-25T23:01:01.250713,0,0,24,Wheat,Black Soil,Germination,0,TIDAK,0.5867
2026-06-25T23:01:06.110843,0,0,23,Wheat,Black Soil,Germination,0,TIDAK,0.5867
2026-06-25T23:01:11.094778,0,0,24,Wheat,Black Soil,Germination,0,TIDAK,0.5867
2026-06-25T23:01:16.307219,0,0,24,Wheat,Black Soil,Germination,0,TIDAK,0.5867
2026-06-25T23:01:21.262568,0,0,24,Wheat,Black Soil,Germination,0,TIDAK,0.5867
2026-06-25T23:01:26.068065,0,0,25,Wheat,Black Soil,Germination,0,TIDAK,0.5867
2026-06-25T23:01:31.077371,0,0,26,Wheat,Black Soil,Germination,0,TIDAK,0.5867
2026-06-25T23:01:36.398160,0,0,25,Wheat,Black Soil,Germination,0,TIDAK,0.5867
2026-06-25T23:01:41.076629,0,0,24,Wheat,Black Soil,Germination,0,TIDAK,0.5867
2026-06-25T23:01:46.067483,0,0,24,Wheat,Black Soil,Germination,0,TIDAK,0.5867
2026-06-25T23:01:51.330131,0,0,24,Wheat,Black Soil,Germination,0,TIDAK,0.5867
2026-06-25T23:01:56.091210,0,0,23,Wheat,Black Soil,Germination,0,TIDAK,0.5867
2026-06-25T23:02:01.346875,0,0,23,Wheat,Black Soil,Germination,0,TIDAK,0.5867
2026-06-25T23:02:06.266758,0,0,24,Wheat,Black Soil,Germination,0,TIDAK,0.5867
2026-06-25T23:02:11.172527,0,0,24,Wheat,Black Soil,Germination,0,TIDAK,0.5867
2026-06-25T23:02:16.063220,0,0,24,Wheat,Black Soil,Germination,0,TIDAK,0.5867
2026-06-25T23:02:21.339766,0,0,24,Wheat,Black Soil,Germination,0,TIDAK,0.5867
2026-06-25T23:02:26.364842,0,0,23,Wheat,Black Soil,Germination,0,TIDAK,0.5867
2026-06-25T23:02:31.089279,0,0,24,Wheat,Black Soil,Germination,0,TIDAK,0.5867
2026-06-25T23:02:36.294156,0,0,24,Wheat,Black Soil,Germination,0,TIDAK,0.5867
2026-06-25T23:02:41.334962,0,0,23,Wheat,Black Soil,Germination,0,TIDAK,0.5867
2026-06-25T23:02:46.062948,0,0,24,Wheat,Black Soil,Germination,0,TIDAK,0.5867
2026-06-25T23:02:51.090608,0,0,25,Wheat,Black Soil,Germination,0,TIDAK,0.5867
2026-06-25T23:02:56.067799,0,0,25,Wheat,Black Soil,Germination,0,TIDAK,0.5867
2026-06-25T23:03:01.187228,0,0,25,Wheat,Black Soil,Germination,0,TIDAK,0.5867
2026-06-25T23:03:06.080630,0,0,23,Wheat,Black Soil,Germination,0,TIDAK,0.5867
2026-06-25T23:03:11.068628,0,0,22,Wheat,Black Soil,Germination,0,TIDAK,0.5867
2026-06-25T23:03:16.072868,0,0,22,Wheat,Black Soil,Germination,0,TIDAK,0.5867
2026-06-25T23:03:21.077789,0,0,22,Wheat,Black Soil,Germination,0,TIDAK,0.5867
2026-06-25T23:03:26.068622,0,0,22,Wheat,Black Soil,Germination,0,TIDAK,0.5867
2026-06-25T23:03:31.071147,0,0,24,Wheat,Black Soil,Germination,0,TIDAK,0.5867
2026-06-25T23:03:36.180682,0,0,22,Wheat,Black Soil,Germination,0,TIDAK,0.5867
2026-06-25T23:03:41.291606,0,0,24,Wheat,Black Soil,Germination,0,TIDAK,0.5867
2026-06-25T23:03:46.073404,0,0,21,Wheat,Black Soil,Germination,0,TIDAK,0.5867
2026-06-25T23:03:51.126823,0,0,21,Wheat,Black Soil,Germination,0,TIDAK,0.5867
2026-06-25T23:03:56.257352,0,0,24,Wheat,Black Soil,Germination,0,TIDAK,0.5867
2026-06-25T23:04:01.093301,0,0,22,Wheat,Black Soil,Germination,0,TIDAK,0.5867
2026-06-25T23:04:06.090120,0,0,22,Wheat,Black Soil,Germination,0,TIDAK,0.5867
2026-06-25T23:04:11.074101,0,0,22,Wheat,Black Soil,Germination,0,TIDAK,0.5867
2026-06-25T23:04:16.079610,0,0,17,Wheat,Black Soil,Germination,0,TIDAK,0.5867
2026-06-25T23:04:21.234212,0,0,25,Wheat,Black Soil,Germination,0,TIDAK,0.5867
2026-06-25T23:04:26.247660,0,0,25,Wheat,Black Soil,Germination,0,TIDAK,0.5867
2026-06-25T23:04:31.061190,0,0,24,Wheat,Black Soil,Germination,0,TIDAK,0.5867
2026-06-25T23:04:36.392734,0,0,32,Wheat,Black Soil,Germination,0,TIDAK,0.6400
2026-06-25T23:04:41.237228,0,0,26,Wheat,Black Soil,Germination,0,TIDAK,0.5867
2026-06-25T23:04:46.117387,0,0,30,Wheat,Black Soil,Germination,0,TIDAK,0.6133
2026-06-25T23:04:51.081794,0,0,0,Wheat,Black Soil,Germination,0,TIDAK,0.5733
2026-06-25T23:04:56.077523,0,0,0,Wheat,Black Soil,Germination,0,TIDAK,0.5733
2026-06-25T23:05:01.102784,0,0,0,Wheat,Black Soil,Germination,0,TIDAK,0.5733
2026-06-25T23:05:06.319538,0,0,0,Wheat,Black Soil,Germination,0,TIDAK,0.5733
2026-06-25T23:05:11.078585,0,0,0,Wheat,Black Soil,Germination,0,TIDAK,0.5733
2026-06-25T23:05:16.362082,0,0,0,Wheat,Black Soil,Germination,0,TIDAK,0.5733
2026-06-25T23:05:21.081757,0,0,0,Wheat,Black Soil,Germination,0,TIDAK,0.5733
2026-06-25T23:05:26.097317,0,0,0,Wheat,Black Soil,Germination,0,TIDAK,0.5733
2026-06-25T23:05:31.282009,0,0,0,Wheat,Black Soil,Germination,0,TIDAK,0.5733
2026-06-25T23:05:36.395447,0,0,0,Wheat,Black Soil,Germination,0,TIDAK,0.5733
2026-06-25T23:05:44.778694,0,0,0,Wheat,Black Soil,Germination,0,TIDAK,0.5733
2026-06-25T23:05:51.557875,0,0,0,Wheat,Black Soil,Germination,0,TIDAK,0.5733
2026-06-25T23:05:56.211719,0,0,0,Wheat,Black Soil,Germination,0,TIDAK,0.5733
2026-06-25T23:06:01.472719,0,0,0,Wheat,Black Soil,Germination,0,TIDAK,0.5733
2026-06-25T23:06:09.513720,0,0,0,Wheat,Black Soil,Germination,0,TIDAK,0.5733
2026-06-25T23:06:11.310027,0,0,0,Wheat,Black Soil,Germination,0,TIDAK,0.5733
2026-06-25T23:06:19.420620,0,0,0,Wheat,Black Soil,Germination,0,TIDAK,0.5733
2026-06-25T23:06:21.485413,0,0,0,Wheat,Black Soil,Germination,0,TIDAK,0.5733
2026-06-25T23:06:26.214733,0,0,0,Wheat,Black Soil,Germination,0,TIDAK,0.5733
2026-06-25T23:06:31.503125,0,0,0,Wheat,Black Soil,Germination,0,TIDAK,0.5733
2026-06-25T23:06:36.608846,0,0,0,Wheat,Black Soil,Germination,0,TIDAK,0.5733
2026-06-25T23:06:41.219678,0,0,0,Wheat,Black Soil,Germination,0,TIDAK,0.5733
2026-06-25T23:06:46.431739,0,0,0,Wheat,Black Soil,Germination,0,TIDAK,0.5733
2026-06-25T23:06:51.581465,0,0,0,Wheat,Black Soil,Germination,0,TIDAK,0.5733
2026-06-25T23:06:56.229239,0,0,0,Wheat,Black Soil,Germination,0,TIDAK,0.5733
2026-06-25T23:07:01.404657,0,0,0,Wheat,Black Soil,Germination,0,TIDAK,0.5733
2026-06-25T23:07:06.255992,0,0,0,Wheat,Black Soil,Germination,0,TIDAK,0.5733
2026-06-25T23:07:11.440043,0,0,0,Wheat,Black Soil,Germination,0,TIDAK,0.5733
2026-06-25T23:07:16.227803,0,0,0,Wheat,Black Soil,Germination,0,TIDAK,0.5733
2026-06-25T23:07:21.338760,0,0,0,Wheat,Black Soil,Germination,0,TIDAK,0.5733
2026-06-25T23:07:26.378697,0,0,0,Wheat,Black Soil,Germination,0,TIDAK,0.5733
2026-06-25T23:07:31.510507,0,0,0,Wheat,Black Soil,Germination,0,TIDAK,0.5733
2026-06-25T23:07:36.472522,0,0,0,Wheat,Black Soil,Germination,0,TIDAK,0.5733
2026-06-25T23:07:41.240888,0,0,0,Wheat,Black Soil,Germination,0,TIDAK,0.5733
2026-06-25T23:07:46.464293,0,0,0,Wheat,Black Soil,Germination,0,TIDAK,0.5733
2026-06-25T23:07:51.631584,0,0,0,Wheat,Black Soil,Germination,0,TIDAK,0.5733
2026-06-25T23:07:56.498543,0,0,0,Wheat,Black Soil,Germination,0,TIDAK,0.5733
2026-06-25T23:08:01.230471,0,0,0,Wheat,Black Soil,Germination,0,TIDAK,0.5733
2026-06-25T23:08:06.212046,0,0,0,Wheat,Black Soil,Germination,0,TIDAK,0.5733
2026-06-25T23:08:11.572516,0,0,0,Wheat,Black Soil,Germination,0,TIDAK,0.5733
2026-06-25T23:08:16.217842,0,0,0,Wheat,Black Soil,Germination,0,TIDAK,0.5733
2026-06-25T23:08:21.207165,0,0,0,Wheat,Black Soil,Germination,0,TIDAK,0.5733
2026-06-25T23:08:26.382504,0,0,0,Wheat,Black Soil,Germination,0,TIDAK,0.5733
2026-06-25T23:08:31.539151,0,0,0,Wheat,Black Soil,Germination,0,TIDAK,0.5733
2026-06-25T23:08:36.419083,0,0,0,Wheat,Black Soil,Germination,0,TIDAK,0.5733
2026-06-25T23:08:41.578766,0,0,0,Wheat,Black Soil,Germination,0,TIDAK,0.5733
2026-06-25T23:08:46.457404,0,0,0,Wheat,Black Soil,Germination,0,TIDAK,0.5733
2026-06-25T23:08:51.205838,0,0,0,Wheat,Black Soil,Germination,0,TIDAK,0.5733
2026-06-25T23:08:56.508100,0,0,0,Wheat,Black Soil,Germination,0,TIDAK,0.5733
2026-06-25T23:09:01.397201,0,0,16,Wheat,Black Soil,Germination,0,TIDAK,0.5867
2026-06-25T23:09:06.537572,0,0,19,Wheat,Black Soil,Germination,0,TIDAK,0.5867
2026-06-25T23:09:11.482404,0,0,19,Wheat,Black Soil,Germination,0,TIDAK,0.5867
2026-06-25T23:09:16.199750,0,0,23,Wheat,Black Soil,Germination,0,TIDAK,0.5867
2026-06-25T23:09:21.216675,0,0,22,Wheat,Black Soil,Germination,0,TIDAK,0.5867
2026-06-25T23:09:26.395109,0,0,18,Wheat,Black Soil,Germination,0,TIDAK,0.5867
2026-06-25T23:09:31.410816,0,0,25,Wheat,Black Soil,Germination,0,TIDAK,0.5867
2026-06-25T23:09:36.452137,0,0,24,Wheat,Black Soil,Germination,0,TIDAK,0.5867
2026-06-25T23:09:41.222809,0,0,27,Wheat,Black Soil,Germination,0,TIDAK,0.5867
2026-06-25T23:09:46.225763,0,0,19,Wheat,Black Soil,Germination,0,TIDAK,0.5867
2026-06-25T23:09:51.624255,0,0,20,Wheat,Black Soil,Germination,0,TIDAK,0.5867
2026-06-25T23:09:56.507553,0,0,21,Wheat,Black Soil,Germination,0,TIDAK,0.5867
2026-06-25T23:10:01.233950,0,0,19,Wheat,Black Soil,Germination,0,TIDAK,0.5867
2026-06-25T23:10:06.211288,0,0,19,Wheat,Black Soil,Germination,0,TIDAK,0.5867
2026-06-25T23:10:11.225998,0,0,18,Wheat,Black Soil,Germination,0,TIDAK,0.5867
2026-06-25T23:10:16.218778,0,0,20,Wheat,Black Soil,Germination,0,TIDAK,0.5867
2026-06-25T23:10:21.387423,0,0,15,Wheat,Black Soil,Germination,0,TIDAK,0.5867
2026-06-25T23:10:26.540534,0,0,19,Wheat,Black Soil,Germination,0,TIDAK,0.5867
2026-06-25T23:10:31.214764,0,0,17,Wheat,Black Soil,Germination,0,TIDAK,0.5867
2026-06-25T23:10:36.492406,0,0,19,Wheat,Black Soil,Germination,0,TIDAK,0.5867
2026-06-25T23:10:41.556119,0,0,18,Wheat,Black Soil,Germination,0,TIDAK,0.5867
2026-06-25T23:10:46.468364,0,0,19,Wheat,Black Soil,Germination,0,TIDAK,0.5867
2026-06-25T23:10:51.575718,0,0,16,Wheat,Black Soil,Germination,0,TIDAK,0.5867
2026-06-25T23:10:56.313749,0,0,16,Wheat,Black Soil,Germination,0,TIDAK,0.5867
2026-06-25T23:11:01.744234,0,0,17,Wheat,Black Soil,Germination,0,TIDAK,0.5867
2026-06-25T23:11:06.221517,0,0,16,Wheat,Black Soil,Germination,0,TIDAK,0.5867
2026-06-25T23:11:11.855633,0,0,31,Wheat,Black Soil,Germination,0,TIDAK,0.6400
2026-06-25T23:11:16.271143,0,0,16,Wheat,Black Soil,Germination,0,TIDAK,0.5867
2026-06-25T23:11:21.515714,0,0,56,Wheat,Black Soil,Germination,0,TIDAK,0.9267
2026-06-25T23:11:26.548264,0,0,48,Wheat,Black Soil,Germination,0,TIDAK,0.8867
2026-06-25T23:11:31.643083,0,0,15,Wheat,Black Soil,Germination,0,TIDAK,0.5867
2026-06-25T23:11:36.565724,0,0,21,Wheat,Black Soil,Germination,0,TIDAK,0.5867
2026-06-25T23:11:41.459422,0,0,29,Wheat,Black Soil,Germination,0,TIDAK,0.5867
2026-06-25T23:11:46.403675,0,0,20,Wheat,Black Soil,Germination,0,TIDAK,0.5867
2026-06-25T23:11:51.258725,0,0,21,Wheat,Black Soil,Germination,0,TIDAK,0.5867
2026-06-25T23:11:56.239487,0,0,38,Wheat,Black Soil,Germination,0,TIDAK,0.7200
2026-06-25T23:12:01.277499,0,0,21,Wheat,Black Soil,Germination,0,TIDAK,0.5867
2026-06-25T23:12:06.239486,0,0,28,Wheat,Black Soil,Germination,0,TIDAK,0.5867
2026-06-25T23:12:11.216687,0,0,27,Wheat,Black Soil,Germination,0,TIDAK,0.5867
2026-06-25T23:12:41.336344,0,0,24,Wheat,Black Soil,Germination,0,TIDAK,0.5867
2026-06-25T23:12:46.699145,0,0,24,Wheat,Black Soil,Germination,0,TIDAK,0.5867
2026-06-25T23:12:51.340984,0,0,26,Wheat,Black Soil,Germination,0,TIDAK,0.5867
2026-06-25T23:12:56.325677,0,0,26,Wheat,Black Soil,Germination,0,TIDAK,0.5867
2026-06-25T23:13:01.313838,0,0,26,Wheat,Black Soil,Germination,0,TIDAK,0.5867
2026-06-25T23:13:06.491674,0,0,0,Wheat,Black Soil,Germination,0,TIDAK,0.5733
2026-06-25T23:13:11.311861,0,0,0,Wheat,Black Soil,Germination,0,TIDAK,0.5733
2026-06-25T23:13:16.512023,0,0,0,Wheat,Black Soil,Germination,0,TIDAK,0.5733
2026-06-25T23:13:21.367431,0,0,0,Wheat,Black Soil,Germination,0,TIDAK,0.5733
2026-06-25T23:13:26.336138,0,0,0,Wheat,Black Soil,Germination,0,TIDAK,0.5733
2026-06-25T23:13:31.464627,0,0,0,Wheat,Black Soil,Germination,0,TIDAK,0.5733
2026-06-25T23:13:36.329475,0,0,0,Wheat,Black Soil,Germination,0,TIDAK,0.5733
2026-06-25T23:13:41.443633,0,0,0,Wheat,Black Soil,Germination,0,TIDAK,0.5733
2026-06-25T23:13:46.393639,0,0,0,Wheat,Black Soil,Germination,0,TIDAK,0.5733
2026-06-25T23:13:51.368842,0,0,0,Wheat,Black Soil,Germination,0,TIDAK,0.5733
2026-06-25T23:13:56.384315,0,0,0,Wheat,Black Soil,Germination,0,TIDAK,0.5733
2026-06-25T23:14:01.325767,0,0,0,Wheat,Black Soil,Germination,0,TIDAK,0.5733
2026-06-25T23:14:06.327930,0,0,0,Wheat,Black Soil,Germination,0,TIDAK,0.5733
2026-06-25T23:14:11.340851,0,0,0,Wheat,Black Soil,Germination,0,TIDAK,0.5733
2026-06-25T23:14:16.788386,0,0,0,Wheat,Black Soil,Germination,0,TIDAK,0.5733
2026-06-25T23:14:21.329073,0,0,0,Wheat,Black Soil,Germination,0,TIDAK,0.5733
2026-06-25T23:14:26.328891,0,0,0,Wheat,Black Soil,Germination,0,TIDAK,0.5733
2026-06-25T23:14:31.327433,0,0,0,Wheat,Black Soil,Germination,0,TIDAK,0.5733
2026-06-25T23:14:36.331257,0,0,0,Wheat,Black Soil,Germination,0,TIDAK,0.5733
2026-06-25T23:14:41.675712,0,0,0,Wheat,Black Soil,Germination,0,TIDAK,0.5733
2026-06-25T23:14:46.323696,0,0,52,Wheat,Black Soil,Germination,0,TIDAK,0.9067
2026-06-25T23:14:51.337886,0,0,0,Wheat,Black Soil,Germination,0,TIDAK,0.5733
2026-06-25T23:14:56.357060,0,0,0,Wheat,Black Soil,Germination,0,TIDAK,0.5733
2026-06-25T23:15:01.265800,0,0,0,Wheat,Black Soil,Germination,0,TIDAK,0.5733
2026-06-25T23:15:06.435590,0,0,13,Wheat,Black Soil,Germination,0,TIDAK,0.5867
2026-06-25T23:15:11.506333,0,0,13,Wheat,Black Soil,Germination,0,TIDAK,0.5867
2026-06-25T23:15:16.342546,0,0,11,Wheat,Black Soil,Germination,0,TIDAK,0.5867
2026-06-25T23:15:21.343584,0,0,0,Wheat,Black Soil,Germination,0,TIDAK,0.5733
2026-06-25T23:15:26.343661,0,0,0,Wheat,Black Soil,Germination,0,TIDAK,0.5733
2026-06-25T23:15:31.390743,0,0,0,Wheat,Black Soil,Germination,0,TIDAK,0.5733
2026-06-25T23:15:36.346535,0,0,0,Wheat,Black Soil,Germination,0,TIDAK,0.5733
2026-06-25T23:15:41.413691,0,0,0,Wheat,Black Soil,Germination,0,TIDAK,0.5733
2026-06-25T23:15:46.369255,0,0,0,Wheat,Black Soil,Germination,0,TIDAK,0.5733
2026-06-25T23:15:51.331789,0,0,0,Wheat,Black Soil,Germination,0,TIDAK,0.5733
2026-06-25T23:15:56.317468,0,0,0,Wheat,Black Soil,Germination,0,TIDAK,0.5733
2026-06-25T23:16:01.450739,0,0,0,Wheat,Black Soil,Germination,0,TIDAK,0.5733
2026-06-25T23:16:06.318093,0,0,0,Wheat,Black Soil,Germination,0,TIDAK,0.5733
2026-06-25T23:16:11.323818,0,0,0,Wheat,Black Soil,Germination,0,TIDAK,0.5733
2026-06-25T23:16:16.329728,0,0,0,Wheat,Black Soil,Germination,0,TIDAK,0.5733
2026-06-25T23:16:21.397775,0,0,0,Wheat,Black Soil,Germination,0,TIDAK,0.5733
2026-06-25T23:16:26.437146,0,0,0,Wheat,Black Soil,Germination,0,TIDAK,0.5733
2026-06-25T23:16:31.569069,0,0,0,Wheat,Black Soil,Germination,0,TIDAK,0.5733
2026-06-25T23:16:36.332910,0,0,0,Wheat,Black Soil,Germination,0,TIDAK,0.5733
2026-06-25T23:16:41.332632,0,0,0,Wheat,Black Soil,Germination,0,TIDAK,0.5733
2026-06-25T23:16:46.335655,0,0,0,Wheat,Black Soil,Germination,0,TIDAK,0.5733
2026-06-25T23:16:51.364640,0,0,0,Wheat,Black Soil,Germination,0,TIDAK,0.5733
2026-06-25T23:16:56.572739,0,0,0,Wheat,Black Soil,Germination,0,TIDAK,0.5733
2026-06-25T23:17:01.473239,0,0,0,Wheat,Black Soil,Germination,0,TIDAK,0.5733
2026-06-25T23:17:06.365506,0,0,0,Wheat,Black Soil,Germination,0,TIDAK,0.5733
2026-06-25T23:17:11.349308,0,0,0,Wheat,Black Soil,Germination,0,TIDAK,0.5733
2026-06-25T23:17:16.344556,0,0,1,Wheat,Black Soil,Germination,0,TIDAK,0.5733
2026-06-25T23:17:21.391723,0,0,1,Wheat,Black Soil,Germination,0,TIDAK,0.5733
2026-06-25T23:17:26.328564,0,0,1,Wheat,Black Soil,Germination,0,TIDAK,0.5733
2026-06-25T23:17:31.365041,0,0,1,Wheat,Black Soil,Germination,0,TIDAK,0.5733
2026-06-25T23:17:36.323355,0,0,0,Wheat,Black Soil,Germination,0,TIDAK,0.5733
2026-06-25T23:17:41.341377,0,0,0,Wheat,Black Soil,Germination,0,TIDAK,0.5733
2026-06-25T23:17:46.352378,0,0,0,Wheat,Black Soil,Germination,0,TIDAK,0.5733
2026-06-25T23:17:51.369549,0,0,0,Wheat,Black Soil,Germination,0,TIDAK,0.5733
2026-06-25T23:17:56.329070,0,0,0,Wheat,Black Soil,Germination,0,TIDAK,0.5733
2026-06-25T23:18:01.334983,0,0,0,Wheat,Black Soil,Germination,0,TIDAK,0.5733
2026-06-25T23:18:06.340706,0,0,0,Wheat,Black Soil,Germination,0,TIDAK,0.5733
2026-06-25T23:18:11.320563,0,0,0,Wheat,Black Soil,Germination,0,TIDAK,0.5733
2026-06-25T23:18:16.433275,0,0,0,Wheat,Black Soil,Germination,0,TIDAK,0.5733
2026-06-25T23:18:21.503629,0,0,0,Wheat,Black Soil,Germination,0,TIDAK,0.5733
2026-06-25T23:18:26.494990,0,0,0,Wheat,Black Soil,Germination,0,TIDAK,0.5733
2026-06-25T23:18:31.360052,0,0,0,Wheat,Black Soil,Germination,0,TIDAK,0.5733
2026-06-25T23:18:36.334657,0,0,0,Wheat,Black Soil,Germination,0,TIDAK,0.5733
2026-06-25T23:18:41.337050,0,0,0,Wheat,Black Soil,Germination,0,TIDAK,0.5733
2026-06-25T23:18:46.420267,0,0,2,Wheat,Black Soil,Germination,0,TIDAK,0.5800
2026-06-25T23:18:51.339283,0,0,0,Wheat,Black Soil,Germination,0,TIDAK,0.5733
2026-06-25T23:18:56.325850,0,0,0,Wheat,Black Soil,Germination,0,TIDAK,0.5733
2026-06-25T23:19:01.603517,0,0,0,Wheat,Black Soil,Germination,0,TIDAK,0.5733
2026-06-25T23:19:06.595568,0,0,0,Wheat,Black Soil,Germination,0,TIDAK,0.5733
2026-06-25T23:19:11.389748,0,0,0,Wheat,Black Soil,Germination,0,TIDAK,0.5733
2026-06-25T23:19:16.514152,0,0,0,Wheat,Black Soil,Germination,0,TIDAK,0.5733
2026-06-25T23:19:21.330635,0,0,0,Wheat,Black Soil,Germination,0,TIDAK,0.5733
2026-06-25T23:19:26.335637,0,0,0,Wheat,Black Soil,Germination,0,TIDAK,0.5733
2026-06-25T23:19:31.587463,0,0,0,Wheat,Black Soil,Germination,0,TIDAK,0.5733
2026-06-25T23:19:36.327264,0,0,0,Wheat,Black Soil,Germination,0,TIDAK,0.5733
2026-06-25T23:19:41.330731,0,0,0,Wheat,Black Soil,Germination,0,TIDAK,0.5733
2026-06-25T23:19:46.636112,0,0,0,Wheat,Black Soil,Germination,0,TIDAK,0.5733
2026-06-25T23:19:51.324377,0,0,0,Wheat,Black Soil,Germination,0,TIDAK,0.5733
2026-06-25T23:19:56.324684,0,0,0,Wheat,Black Soil,Germination,0,TIDAK,0.5733
2026-06-25T23:20:01.340204,0,0,1,Wheat,Black Soil,Germination,0,TIDAK,0.5733
2026-06-25T23:20:06.694790,0,0,0,Wheat,Black Soil,Germination,0,TIDAK,0.5733
2026-06-25T23:20:11.606597,0,0,17,Wheat,Black Soil,Germination,0,TIDAK,0.5867
2026-06-25T23:20:16.346312,0,0,32,Wheat,Black Soil,Germination,0,TIDAK,0.6400
2026-06-25T23:20:21.336363,0,0,44,Wheat,Black Soil,Germination,0,TIDAK,0.8733
2026-06-25T23:20:26.337533,0,0,24,Wheat,Black Soil,Germination,0,TIDAK,0.5867
2026-06-25T23:20:31.386899,0,0,32,Wheat,Black Soil,Germination,0,TIDAK,0.6400
2026-06-25T23:20:36.389764,0,0,17,Wheat,Black Soil,Germination,0,TIDAK,0.5867
2026-06-25T23:20:41.350375,0,0,21,Wheat,Black Soil,Germination,0,TIDAK,0.5867
2026-06-25T23:20:46.356658,27.2,54,18,Wheat,Black Soil,Germination,1,SIRAM,0.9800
2026-06-25T23:20:51.674373,26.9,53.1,0,Wheat,Black Soil,Germination,1,SIRAM,0.9867
2026-06-25T23:20:56.271365,26.9,53.2,0,Wheat,Black Soil,Germination,1,SIRAM,0.9867
2026-06-25T23:21:01.298344,26.9,53.3,0,Wheat,Black Soil,Germination,1,SIRAM,0.9867
2026-06-25T23:21:06.258543,26.8,53.1,0,Wheat,Black Soil,Germination,1,SIRAM,0.9867
2026-06-25T23:21:11.336161,26.8,52.9,0,Wheat,Black Soil,Germination,1,SIRAM,0.9867
2026-06-25T23:21:16.473206,26.7,52.9,0,Wheat,Black Soil,Germination,1,SIRAM,0.9867
2026-06-25T23:21:21.265528,26.6,53.1,0,Wheat,Black Soil,Germination,1,SIRAM,0.9867
2026-06-25T23:21:26.329333,26.5,53,0,Wheat,Black Soil,Germination,1,SIRAM,0.9867
2026-06-25T23:21:31.267505,26.5,57.1,0,Wheat,Black Soil,Germination,1,SIRAM,0.9867
2026-06-25T23:21:36.253698,26.6,57.4,0,Wheat,Black Soil,Germination,1,SIRAM,0.9867
2026-06-25T23:21:41.452498,26.7,57.6,0,Wheat,Black Soil,Germination,1,SIRAM,0.9867
2026-06-25T23:21:46.264266,26.7,58,0,Wheat,Black Soil,Germination,1,SIRAM,0.9867
2026-06-25T23:21:51.252756,26.8,56.3,0,Wheat,Black Soil,Germination,1,SIRAM,0.9867
2026-06-25T23:21:56.258756,26.8,54.8,0,Wheat,Black Soil,Germination,1,SIRAM,0.9867
2026-06-25T23:22:01.408651,26.9,54.2,0,Wheat,Black Soil,Germination,1,SIRAM,0.9867
2026-06-25T23:22:06.255382,26.8,53.9,0,Wheat,Black Soil,Germination,1,SIRAM,0.9867
2026-06-25T23:22:11.255542,26.8,53,0,Wheat,Black Soil,Germination,1,SIRAM,0.9867
2026-06-25T23:22:16.251944,26.7,52.8,0,Wheat,Black Soil,Germination,1,SIRAM,0.9867
2026-06-25T23:22:21.262393,26.6,53.2,0,Wheat,Black Soil,Germination,1,SIRAM,0.9867
2026-06-25T23:22:26.397885,26.5,53.5,0,Wheat,Black Soil,Germination,1,SIRAM,0.9867
2026-06-25T23:22:31.282734,26.4,53.9,0,Wheat,Black Soil,Germination,1,SIRAM,0.9867
2026-06-25T23:22:36.243628,26.4,54.2,0,Wheat,Black Soil,Germination,1,SIRAM,0.9867
2026-06-25T23:22:41.253834,26.3,54.3,0,Wheat,Black Soil,Germination,1,SIRAM,0.9867
2026-06-25T23:22:46.242721,26.3,54.5,0,Wheat,Black Soil,Germination,1,SIRAM,0.9867
2026-06-25T23:22:51.327793,26.2,54.6,0,Wheat,Black Soil,Germination,1,SIRAM,0.9867
2026-06-25T23:22:56.258712,26.1,55,0,Wheat,Black Soil,Germination,1,SIRAM,0.9867
2026-06-25T23:23:01.255134,26.1,55.6,0,Wheat,Black Soil,Germination,1,SIRAM,0.9867
2026-06-25T23:23:06.283816,26,55.6,0,Wheat,Black Soil,Germination,1,SIRAM,0.9867
2026-06-25T23:23:11.460736,26,55.6,0,Wheat,Black Soil,Germination,1,SIRAM,0.9867
2026-06-25T23:23:16.332758,26,55.6,0,Wheat,Black Soil,Germination,1,SIRAM,0.9867
2026-06-25T23:23:21.467367,26.1,57.1,0,Wheat,Black Soil,Germination,1,SIRAM,0.9867
2026-06-25T23:23:26.597664,26.1,57.1,0,Wheat,Black Soil,Germination,1,SIRAM,0.9867
2026-06-25T23:23:31.615905,26.1,57.1,0,Wheat,Black Soil,Germination,1,SIRAM,0.9867
2026-06-25T23:23:36.236726,26.1,57.5,0,Wheat,Black Soil,Germination,1,SIRAM,0.9867
2026-06-25T23:23:41.291127,26.1,57.5,0,Wheat,Black Soil,Germination,1,SIRAM,0.9867
2026-06-25T23:23:46.279343,26,57.4,0,Wheat,Black Soil,Germination,1,SIRAM,0.9867
2026-06-25T23:23:51.476420,26,57.6,0,Wheat,Black Soil,Germination,1,SIRAM,0.9867
2026-06-25T23:23:56.252529,26,56.8,0,Wheat,Black Soil,Germination,1,SIRAM,0.9867
2026-06-25T23:24:01.414286,26,56,0,Wheat,Black Soil,Germination,1,SIRAM,0.9867
2026-06-25T23:24:12.865517,25.9,55.7,0,Wheat,Black Soil,Germination,1,SIRAM,0.9867
2026-06-25T23:24:17.855714,25.8,55.9,0,Wheat,Black Soil,Germination,1,SIRAM,0.9867
2026-06-25T23:24:22.864678,25.8,56.1,0,Wheat,Black Soil,Germination,1,SIRAM,0.9867
2026-06-25T23:24:28.036354,25.7,56.2,0,Wheat,Black Soil,Germination,1,SIRAM,0.9867
2026-06-25T23:24:32.948017,25.7,56.2,0,Wheat,Black Soil,Germination,1,SIRAM,0.9867
2026-06-25T23:24:37.975565,25.6,56.4,0,Wheat,Black Soil,Germination,1,SIRAM,0.9867
2026-06-25T23:24:42.989712,25.6,56.4,0,Wheat,Black Soil,Germination,1,SIRAM,0.9867
2026-06-25T23:24:47.895762,25.5,56.3,0,Wheat,Black Soil,Germination,1,SIRAM,0.9867
2026-06-25T23:24:53.142008,25.5,56.4,0,Wheat,Black Soil,Germination,1,SIRAM,0.9867
2026-06-25T23:24:57.875232,25.4,56.6,23,Wheat,Black Soil,Germination,1,SIRAM,0.9600
2026-06-25T23:25:02.894409,25.4,56.6,0,Wheat,Black Soil,Germination,1,SIRAM,0.9867
2026-06-25T23:25:07.889521,25.3,56.8,0,Wheat,Black Soil,Germination,1,SIRAM,0.9867
2026-06-25T23:25:12.860120,25.3,57,0,Wheat,Black Soil,Germination,1,SIRAM,0.9867
2026-06-25T23:25:18.125124,25.2,57.1,21,Wheat,Black Soil,Germination,1,SIRAM,0.9733
2026-06-25T23:25:23.087532,25.2,58.8,22,Wheat,Black Soil,Germination,1,SIRAM,0.9667
2026-06-25T23:25:27.986723,25.2,58.5,20,Wheat,Black Soil,Germination,1,SIRAM,0.9667
2026-06-25T23:25:33.075840,25.2,57.8,14,Wheat,Black Soil,Germination,1,SIRAM,0.9800
2026-06-25T23:25:37.853814,25.2,57.4,25,Wheat,Black Soil,Germination,1,SIRAM,0.9400
2026-06-25T23:25:43.132723,25.1,57.6,26,Wheat,Black Soil,Germination,1,SIRAM,0.9400
2026-06-25T23:25:47.900743,25.1,57.6,2,Wheat,Black Soil,Germination,1,SIRAM,0.9867
2026-06-25T23:25:53.244358,25.1,57.6,0,Wheat,Black Soil,Germination,1,SIRAM,0.9867
2026-06-25T23:25:57.865240,25,57.5,0,Wheat,Black Soil,Germination,1,SIRAM,0.9800
2026-06-25T23:26:03.164114,25,56.8,0,Wheat,Black Soil,Germination,1,SIRAM,0.9800
2026-06-25T23:26:08.088578,25,56.9,0,Wheat,Black Soil,Germination,1,SIRAM,0.9800
2026-06-25T23:26:12.857132,24.9,57,0,Wheat,Black Soil,Germination,1,SIRAM,0.9800
2026-06-25T23:26:18.127696,24.9,57.2,0,Wheat,Black Soil,Germination,1,SIRAM,0.9800
2026-06-25T23:26:22.889746,24.8,57.7,0,Wheat,Black Soil,Germination,1,SIRAM,0.9800
2026-06-25T23:26:28.160160,24.8,58.3,0,Wheat,Black Soil,Germination,1,SIRAM,0.9733
2026-06-25T23:26:32.863196,24.8,58.4,0,Wheat,Black Soil,Germination,1,SIRAM,0.9733
2026-06-25T23:26:37.858701,24.8,58.9,0,Wheat,Black Soil,Germination,1,SIRAM,0.9800
2026-06-25T23:26:43.110739,24.8,58.5,0,Wheat,Black Soil,Germination,1,SIRAM,0.9733
2026-06-25T23:26:47.850314,24.8,58.5,0,Wheat,Black Soil,Germination,1,SIRAM,0.9733
2026-06-25T23:26:58.412527,24.8,58.4,0,Wheat,Black Soil,Germination,1,SIRAM,0.9733
2026-06-25T23:27:08.847563,24.7,58.3,18,Wheat,Black Soil,Germination,1,SIRAM,0.9600
2026-06-25T23:27:19.676265,24.7,58.4,0,Wheat,Black Soil,Germination,1,SIRAM,0.9733
2026-06-25T23:27:30.220706,24.6,58.9,0,Wheat,Black Soil,Germination,1,SIRAM,0.9800
2026-06-25T23:27:46.872755,24.6,59.3,0,Wheat,Black Soil,Germination,1,SIRAM,0.9800
2026-06-25T23:27:51.827652,24.6,59.5,0,Wheat,Black Soil,Germination,1,SIRAM,0.9800
2026-06-25T23:27:57.150793,24.6,59.5,29,Wheat,Black Soil,Germination,1,SIRAM,0.9400
2026-06-25T23:28:02.084226,24.7,59.3,0,Wheat,Black Soil,Germination,1,SIRAM,0.9800
2026-06-25T23:29:06.762856,24.6,58.5,0,Wheat,Black Soil,Germination,1,SIRAM,0.9733
2026-06-25T23:29:11.747972,24.5,58.8,0,Wheat,Black Soil,Germination,0,TIDAK,0.5800
2026-06-25T23:29:16.916987,24.5,58.9,0,Wheat,Black Soil,Germination,0,TIDAK,0.5800
2026-06-25T23:29:21.779834,24.5,59.1,0,Wheat,Black Soil,Germination,0,TIDAK,0.5800
2026-06-25T23:29:26.862763,24.5,58.3,0,Wheat,Black Soil,Germination,0,TIDAK,0.5800
2026-06-25T23:29:32.153858,24.5,58.1,0,Wheat,Black Soil,Germination,0,TIDAK,0.5800
2026-06-25T23:29:36.875274,24.4,58.5,0,Wheat,Black Soil,Germination,0,TIDAK,0.5800
2026-06-25T23:29:42.006165,24.4,59.2,0,Wheat,Black Soil,Germination,0,TIDAK,0.5800
2026-06-25T23:29:46.746729,24.4,59.4,0,Wheat,Black Soil,Germination,0,TIDAK,0.5800
2026-06-25T23:29:52.034345,24.4,59.6,0,Wheat,Black Soil,Germination,0,TIDAK,0.5800
2026-06-25T23:29:56.807230,24.4,59.8,9,Wheat,Black Soil,Germination,0,TIDAK,0.5867
2026-06-25T23:30:01.876955,24.4,59.9,0,Wheat,Black Soil,Germination,0,TIDAK,0.5800
2026-06-25T23:30:06.771736,24.4,60.4,0,Wheat,Black Soil,Germination,0,TIDAK,0.5867
2026-06-25T23:30:11.842703,24.4,60.4,0,Wheat,Black Soil,Germination,0,TIDAK,0.5867
2026-06-25T23:30:16.959676,24.4,60.4,0,Wheat,Black Soil,Germination,0,TIDAK,0.5867
2026-06-25T23:30:21.939497,24.5,61.9,1,Wheat,Black Soil,Germination,0,TIDAK,0.5933
2026-06-25T23:30:26.948330,24.6,61.5,0,Wheat,Black Soil,Germination,1,SIRAM,0.9733
2026-06-25T23:30:31.981775,24.6,61.3,0,Wheat,Black Soil,Germination,1,SIRAM,0.9733
2026-06-25T23:30:36.891135,24.7,61.2,6,Wheat,Black Soil,Germination,1,SIRAM,0.9667
2026-06-25T23:30:42.009713,24.7,60.8,0,Wheat,Black Soil,Germination,1,SIRAM,0.9467
2026-06-25T23:30:46.918273,24.7,60.3,0,Wheat,Black Soil,Germination,1,SIRAM,0.9333
2026-06-25T23:30:51.761768,24.8,59.7,0,Wheat,Black Soil,Germination,1,SIRAM,0.9400
2026-06-25T23:31:16.588399,24.7,59,0,Wheat,Black Soil,Germination,1,SIRAM,0.9800
2026-06-25T23:31:21.576175,24.7,59.4,0,Wheat,Black Soil,Germination,1,SIRAM,0.9800
2026-06-25T23:31:26.589941,24.7,59.4,6,Wheat,Black Soil,Germination,1,SIRAM,0.9800
2026-06-25T23:31:31.602767,24.7,59.4,0,Wheat,Black Soil,Germination,1,SIRAM,0.9800
2026-06-25T23:31:36.585651,24.8,59.2,0,Wheat,Black Soil,Germination,1,SIRAM,0.9800
2026-06-25T23:31:41.587351,24.7,59.2,0,Wheat,Black Soil,Germination,1,SIRAM,0.9800
2026-06-25T23:31:46.582761,24.7,59.1,0,Wheat,Black Soil,Germination,1,SIRAM,0.9800
2026-06-25T23:31:51.576273,24.8,59,6,Wheat,Black Soil,Germination,1,SIRAM,0.9800
2026-06-25T23:31:56.664773,24.8,59.4,3,Wheat,Black Soil,Germination,1,SIRAM,0.9733
2026-06-25T23:32:01.597796,24.8,59.6,9,Wheat,Black Soil,Germination,1,SIRAM,0.9400
2026-06-25T23:32:06.599213,24.8,59.2,15,Wheat,Black Soil,Germination,1,SIRAM,0.9733
2026-06-25T23:32:11.590863,24.8,58.7,51,Wheat,Black Soil,Germination,0,TIDAK,0.7400
2026-06-25T23:32:16.839779,24.8,58.3,60,Wheat,Black Soil,Germination,0,TIDAK,0.8733
2026-06-25T23:32:21.752364,24.8,58.2,0,Wheat,Black Soil,Germination,1,SIRAM,0.9733
2026-06-25T23:32:26.576435,24.8,58.1,0,Wheat,Black Soil,Germination,1,SIRAM,0.9800
2026-06-25T23:32:31.577734,24.8,58.4,0,Wheat,Black Soil,Germination,1,SIRAM,0.9733
2026-06-25T23:32:36.914642,24.8,58.9,0,Wheat,Black Soil,Germination,1,SIRAM,0.9800
2026-06-25T23:32:41.638881,24.8,59.1,0,Wheat,Black Soil,Germination,1,SIRAM,0.9800
2026-06-25T23:32:46.610592,24.8,59,0,Wheat,Black Soil,Germination,1,SIRAM,0.9800
2026-06-25T23:32:51.854927,24.8,58.9,0,Wheat,Black Soil,Germination,1,SIRAM,0.9800
2026-06-25T23:32:56.578834,24.8,58.6,0,Wheat,Black Soil,Germination,1,SIRAM,0.9733
2026-06-25T23:33:01.590311,24.8,58.6,0,Wheat,Black Soil,Germination,1,SIRAM,0.9733
2026-06-25T23:33:06.597114,24.8,58,0,Wheat,Black Soil,Germination,1,SIRAM,0.9800
2026-06-25T23:33:11.922298,24.7,57.9,0,Wheat,Black Soil,Germination,1,SIRAM,0.9800
2026-06-25T23:33:16.608503,24.7,57.8,0,Wheat,Black Soil,Germination,1,SIRAM,0.9800
2026-06-25T23:33:21.775662,24.6,57.9,0,Wheat,Black Soil,Germination,1,SIRAM,0.9800
2026-06-25T23:33:26.872716,24.6,57.9,0,Wheat,Black Soil,Germination,1,SIRAM,0.9800
2026-06-25T23:33:31.798608,24.6,58.1,0,Wheat,Black Soil,Germination,1,SIRAM,0.9800
2026-06-25T23:33:36.900157,24.5,57.8,0,Wheat,Black Soil,Germination,0,TIDAK,0.5800
2026-06-25T23:33:41.827709,24.5,58.1,0,Wheat,Black Soil,Germination,0,TIDAK,0.5800
2026-06-25T23:33:46.653522,24.5,58.3,0,Wheat,Black Soil,Germination,0,TIDAK,0.5800
2026-06-25T23:33:51.899247,24.5,58.6,0,Wheat,Black Soil,Germination,0,TIDAK,0.5800
2026-06-25T23:33:56.977605,24.4,58.6,0,Wheat,Black Soil,Germination,0,TIDAK,0.5800
2026-06-25T23:34:01.622780,24.4,59,0,Wheat,Black Soil,Germination,0,TIDAK,0.5800
2026-06-25T23:34:26.285851,24.2,59.6,0,Wheat,Black Soil,Germination,0,TIDAK,0.5800
2026-06-25T23:34:31.269712,24.2,60.1,0,Wheat,Black Soil,Germination,0,TIDAK,0.5867
2026-06-25T23:34:36.502124,24.2,60,0,Wheat,Black Soil,Germination,0,TIDAK,0.5800
2026-06-25T23:34:41.685766,24.3,59.9,0,Wheat,Black Soil,Germination,0,TIDAK,0.5800
2026-06-25T23:34:46.565383,24.3,59.7,27,Wheat,Black Soil,Germination,0,TIDAK,0.5933
2026-06-25T23:34:51.456205,24.3,59.7,14,Wheat,Black Soil,Germination,0,TIDAK,0.5933
2026-06-25T23:34:56.252724,24.3,60.4,19,Wheat,Black Soil,Germination,0,TIDAK,0.6067
2026-06-25T23:35:01.263609,24.3,60.8,0,Wheat,Black Soil,Germination,0,TIDAK,0.5933
2026-06-25T23:35:06.282771,24.3,60.8,0,Wheat,Black Soil,Germination,0,TIDAK,0.5933
2026-06-25T23:35:11.297934,24.3,60.3,0,Wheat,Black Soil,Germination,0,TIDAK,0.5867
2026-06-25T23:35:16.472732,24.3,59.9,0,Wheat,Black Soil,Germination,0,TIDAK,0.5800
2026-06-25T23:35:21.293558,24.3,59.7,0,Wheat,Black Soil,Germination,0,TIDAK,0.5800
2026-06-25T23:35:26.261248,24.3,59.3,0,Wheat,Black Soil,Germination,0,TIDAK,0.5800
2026-06-25T23:35:31.303071,24.3,59.2,0,Wheat,Black Soil,Germination,0,TIDAK,0.5800
2026-06-25T23:35:36.507345,24.3,59.1,0,Wheat,Black Soil,Germination,0,TIDAK,0.5800
2026-06-25T23:35:41.431636,24.3,59.1,0,Wheat,Black Soil,Germination,0,TIDAK,0.5800
2026-06-25T23:35:46.277671,24.3,59.1,0,Wheat,Black Soil,Germination,0,TIDAK,0.5800
2026-06-25T23:35:51.470368,24.3,59.1,0,Wheat,Black Soil,Germination,0,TIDAK,0.5800
2026-06-25T23:35:56.276888,24.3,59.3,0,Wheat,Black Soil,Germination,0,TIDAK,0.5800
2026-06-25T23:36:01.289557,24.3,59.3,0,Wheat,Black Soil,Germination,0,TIDAK,0.5800
2026-06-25T23:36:06.615746,24.3,59.2,0,Wheat,Black Soil,Germination,0,TIDAK,0.5800
2026-06-25T23:36:11.283169,24.3,59.1,0,Wheat,Black Soil,Germination,0,TIDAK,0.5800
2026-06-25T23:36:16.457784,24.3,59.2,0,Wheat,Black Soil,Germination,0,TIDAK,0.5800
2026-06-25T23:36:21.480747,24.2,59.1,0,Wheat,Black Soil,Germination,0,TIDAK,0.5800
2026-06-25T23:36:26.508104,24.2,58.8,0,Wheat,Black Soil,Germination,0,TIDAK,0.5800
2026-06-25T23:36:31.284301,24.2,58.6,0,Wheat,Black Soil,Germination,0,TIDAK,0.5800
2026-06-25T23:36:36.529143,24.2,58.8,0,Wheat,Black Soil,Germination,0,TIDAK,0.5800
2026-06-25T23:36:41.256856,24.2,59.2,0,Wheat,Black Soil,Germination,0,TIDAK,0.5800
2026-06-25T23:36:46.305784,24.2,59.6,0,Wheat,Black Soil,Germination,0,TIDAK,0.5800
2026-06-25T23:36:51.466713,24.2,59.5,0,Wheat,Black Soil,Germination,0,TIDAK,0.5800
2026-06-25T23:36:56.272158,24.2,59.7,0,Wheat,Black Soil,Germination,0,TIDAK,0.5800
2026-06-25T23:37:01.260727,24.2,59.8,0,Wheat,Black Soil,Germination,0,TIDAK,0.5800
2026-06-25T23:37:06.626386,24.2,60,0,Wheat,Black Soil,Germination,0,TIDAK,0.5800
2026-06-25T23:37:11.542574,24.2,59.7,0,Wheat,Black Soil,Germination,0,TIDAK,0.5800
2026-06-25T23:37:16.258586,24.2,59.1,0,Wheat,Black Soil,Germination,0,TIDAK,0.5800
2026-06-25T23:37:21.288762,24.2,58.9,0,Wheat,Black Soil,Germination,0,TIDAK,0.5800
2026-06-25T23:37:26.488175,24.1,59,0,Wheat,Black Soil,Germination,0,TIDAK,0.5800
2026-06-25T23:37:31.302004,24.1,59.6,0,Wheat,Black Soil,Germination,0,TIDAK,0.5800
2026-06-25T23:37:36.346782,24.1,59.9,0,Wheat,Black Soil,Germination,0,TIDAK,0.5800
2026-06-25T23:37:41.454508,24.1,60.1,0,Wheat,Black Soil,Germination,0,TIDAK,0.5867
2026-06-25T23:37:46.298779,24.1,60.1,0,Wheat,Black Soil,Germination,0,TIDAK,0.5867
2026-06-25T23:37:51.281941,24.1,59.7,0,Wheat,Black Soil,Germination,0,TIDAK,0.5800
2026-06-25T23:37:56.434207,24.1,59.5,0,Wheat,Black Soil,Germination,0,TIDAK,0.5800
2026-06-25T23:38:01.273657,24.1,59.6,0,Wheat,Black Soil,Germination,0,TIDAK,0.5800
2026-06-25T23:38:06.318142,24.1,59.8,0,Wheat,Black Soil,Germination,0,TIDAK,0.5800
2026-06-25T23:38:11.571759,24.1,60,0,Wheat,Black Soil,Germination,0,TIDAK,0.5800
2026-06-25T23:38:16.459370,24.1,60.2,0,Wheat,Black Soil,Germination,0,TIDAK,0.5867
2026-06-25T23:38:21.273195,24.2,60.1,0,Wheat,Black Soil,Germination,0,TIDAK,0.5867
2026-06-25T23:38:26.510466,24.1,60.2,0,Wheat,Black Soil,Germination,0,TIDAK,0.5867
2026-06-25T23:38:31.279676,24.1,60,0,Wheat,Black Soil,Germination,0,TIDAK,0.5800
2026-06-25T23:38:36.295441,24.1,60,0,Wheat,Black Soil,Germination,0,TIDAK,0.5800
2026-06-25T23:38:41.548455,24.1,59.8,0,Wheat,Black Soil,Germination,0,TIDAK,0.5800
2026-06-25T23:38:46.272558,24.1,59.8,0,Wheat,Black Soil,Germination,0,TIDAK,0.5800
2026-06-25T23:38:51.275938,24.1,59.8,0,Wheat,Black Soil,Germination,0,TIDAK,0.5800
2026-06-25T23:38:56.446816,24.1,59.4,0,Wheat,Black Soil,Germination,0,TIDAK,0.5800
2026-06-25T23:39:01.516743,24.1,59.3,0,Wheat,Black Soil,Germination,0,TIDAK,0.5800
2026-06-25T23:39:06.437712,24.1,59,0,Wheat,Black Soil,Germination,0,TIDAK,0.5800
2026-06-25T23:39:11.551004,24.1,59.3,0,Wheat,Black Soil,Germination,0,TIDAK,0.5800
2026-06-25T23:39:16.483243,24.1,59.2,0,Wheat,Black Soil,Germination,0,TIDAK,0.5800
2026-06-25T23:39:21.251815,24.1,59.5,0,Wheat,Black Soil,Germination,0,TIDAK,0.5800
2026-06-25T23:39:26.513860,24.1,59.6,0,Wheat,Black Soil,Germination,0,TIDAK,0.5800
2026-06-25T23:39:31.415028,24.1,59.9,0,Wheat,Black Soil,Germination,0,TIDAK,0.5800
2026-06-25T23:39:36.543205,24.1,59.5,0,Wheat,Black Soil,Germination,0,TIDAK,0.5800
2026-06-25T23:39:41.268446,24.1,59.7,0,Wheat,Black Soil,Germination,0,TIDAK,0.5800
2026-06-25T23:39:46.618468,24,59.7,0,Wheat,Black Soil,Germination,0,TIDAK,0.5800
2026-06-25T23:39:51.482775,24.1,59.9,0,Wheat,Black Soil,Germination,0,TIDAK,0.5800
2026-06-25T23:39:56.307139,24.1,60,0,Wheat,Black Soil,Germination,0,TIDAK,0.5800
2026-06-25T23:40:01.247749,24.1,59.9,0,Wheat,Black Soil,Germination,0,TIDAK,0.5800
2026-06-25T23:40:06.260746,24.1,60,0,Wheat,Black Soil,Germination,0,TIDAK,0.5800
2026-06-25T23:40:11.255776,24.1,60,0,Wheat,Black Soil,Germination,0,TIDAK,0.5800
2026-06-25T23:40:16.286008,24.1,60.1,0,Wheat,Black Soil,Germination,0,TIDAK,0.5867
2026-06-25T23:40:21.498634,24.1,60.2,0,Wheat,Black Soil,Germination,0,TIDAK,0.5867
2026-06-25T23:40:26.289469,24.1,60.2,1,Wheat,Black Soil,Germination,0,TIDAK,0.5867
2026-06-25T23:40:31.269718,24.1,60.3,1,Wheat,Black Soil,Germination,0,TIDAK,0.5867
2026-06-25T23:40:36.679693,24.1,60.6,1,Wheat,Black Soil,Germination,0,TIDAK,0.5933
2026-06-25T23:40:41.467340,24.2,60.8,0,Wheat,Black Soil,Germination,0,TIDAK,0.5933
2026-06-25T23:40:46.580522,24.2,60.7,0,Wheat,Black Soil,Germination,0,TIDAK,0.5933
2026-06-25T23:40:51.268901,24.2,60.4,0,Wheat,Black Soil,Germination,0,TIDAK,0.5867
2026-06-25T23:40:56.262334,24.2,60.1,0,Wheat,Black Soil,Germination,0,TIDAK,0.5867
2026-06-25T23:41:01.292014,24.2,60,0,Wheat,Black Soil,Germination,0,TIDAK,0.5800
2026-06-25T23:41:06.289476,24.2,60.1,0,Wheat,Black Soil,Germination,0,TIDAK,0.5867
2026-06-25T23:41:11.354857,24.2,60,0,Wheat,Black Soil,Germination,0,TIDAK,0.5800
2026-06-25T23:41:16.259840,24.2,59.9,0,Wheat,Black Soil,Germination,0,TIDAK,0.5800
2026-06-25T23:41:21.254557,24.2,59.8,0,Wheat,Black Soil,Germination,0,TIDAK,0.5800
2026-06-25T23:41:26.278742,24.2,59.8,0,Wheat,Black Soil,Germination,0,TIDAK,0.5800
2026-06-25T23:41:31.402714,24.2,59.6,0,Wheat,Black Soil,Germination,0,TIDAK,0.5800
2026-06-25T23:41:36.449528,24.2,59.3,0,Wheat,Black Soil,Germination,0,TIDAK,0.5800
2026-06-25T23:41:41.295206,24.2,59.2,0,Wheat,Black Soil,Germination,0,TIDAK,0.5800
2026-06-25T23:41:46.307742,24.2,59.4,0,Wheat,Black Soil,Germination,0,TIDAK,0.5800
2026-06-25T23:41:51.663568,24.2,59.1,0,Wheat,Black Soil,Germination,0,TIDAK,0.5800
2026-06-25T23:41:56.258591,24.1,59.2,0,Wheat,Black Soil,Germination,0,TIDAK,0.5800
2026-06-25T23:42:01.269406,24.1,59.3,0,Wheat,Black Soil,Germination,0,TIDAK,0.5800
2026-06-25T23:42:06.266742,24.1,59.3,0,Wheat,Black Soil,Germination,0,TIDAK,0.5800
2026-06-25T23:42:11.580317,24.1,59.5,0,Wheat,Black Soil,Germination,0,TIDAK,0.5800
2026-06-25T23:42:16.277239,24,59.8,0,Wheat,Black Soil,Germination,0,TIDAK,0.5800
2026-06-25T23:42:21.819730,24,60.1,0,Wheat,Black Soil,Germination,0,TIDAK,0.5867
2026-06-25T23:42:26.255738,24,59.5,0,Wheat,Black Soil,Germination,0,TIDAK,0.5800
2026-06-25T23:42:31.353636,24,59.3,0,Wheat,Black Soil,Germination,0,TIDAK,0.5800
2026-06-25T23:42:36.467644,24,59.6,0,Wheat,Black Soil,Germination,0,TIDAK,0.5800
2026-06-25T23:42:41.472913,24,60,0,Wheat,Black Soil,Germination,0,TIDAK,0.5800
2026-06-25T23:42:46.299662,23.9,60.5,0,Wheat,Black Soil,Germination,0,TIDAK,0.5867
2026-06-25T23:42:51.431146,24,60.8,0,Wheat,Black Soil,Germination,0,TIDAK,0.5933
2026-06-25T23:42:56.268732,24,60.7,0,Wheat,Black Soil,Germination,0,TIDAK,0.5933
2026-06-25T23:43:01.259617,24,60.1,0,Wheat,Black Soil,Germination,0,TIDAK,0.5867
2026-06-25T23:43:06.380578,24,60,0,Wheat,Black Soil,Germination,0,TIDAK,0.5800
2026-06-25T23:43:11.495518,23.9,59.9,0,Wheat,Black Soil,Germination,0,TIDAK,0.5800
2026-06-25T23:43:18.140389,23.9,60.1,0,Wheat,Black Soil,Germination,0,TIDAK,0.5867
2026-06-25T23:43:21.542439,23.9,60.2,0,Wheat,Black Soil,Germination,0,TIDAK,0.5867
2026-06-25T23:43:26.720575,23.9,60.3,0,Wheat,Black Soil,Germination,0,TIDAK,0.5867
2026-06-25T23:43:31.292296,23.9,60.6,0,Wheat,Black Soil,Germination,0,TIDAK,0.5933
2026-06-25T23:43:36.385411,23.9,60.3,0,Wheat,Black Soil,Germination,0,TIDAK,0.5867
2026-06-25T23:43:41.284976,23.9,59.9,1,Wheat,Black Soil,Germination,0,TIDAK,0.5800
2026-06-25T23:43:46.255706,23.8,59.8,0,Wheat,Black Soil,Germination,0,TIDAK,0.5800
2026-06-25T23:43:51.525554,23.8,59.9,0,Wheat,Black Soil,Germination,0,TIDAK,0.5800
2026-06-25T23:43:56.427722,23.8,60.3,0,Wheat,Black Soil,Germination,0,TIDAK,0.5867
2026-06-25T23:44:01.348599,23.8,60.2,0,Wheat,Black Soil,Germination,0,TIDAK,0.5867
2026-06-25T23:44:06.469724,23.8,60.3,0,Wheat,Black Soil,Germination,0,TIDAK,0.5867
2026-06-25T23:44:11.734995,23.8,60.2,0,Wheat,Black Soil,Germination,0,TIDAK,0.5867
2026-06-25T23:44:16.278183,23.7,60.5,0,Wheat,Black Soil,Germination,0,TIDAK,0.5867
2026-06-25T23:44:21.415528,23.7,60.5,0,Wheat,Black Soil,Germination,0,TIDAK,0.5867
2026-06-25T23:44:26.260707,23.7,60.6,0,Wheat,Black Soil,Germination,0,TIDAK,0.5933
2026-06-25T23:44:31.465591,23.7,60.5,0,Wheat,Black Soil,Germination,0,TIDAK,0.5867
2026-06-25T23:44:36.782839,23.7,60.8,0,Wheat,Black Soil,Germination,0,TIDAK,0.5933
2026-06-25T23:44:41.488125,23.7,60.8,0,Wheat,Black Soil,Germination,0,TIDAK,0.5933
2026-06-25T23:44:46.266308,23.7,60.9,0,Wheat,Black Soil,Germination,0,TIDAK,0.5933
2026-06-25T23:44:51.615103,23.7,61.2,0,Wheat,Black Soil,Germination,0,TIDAK,0.5933
2026-06-25T23:44:56.552956,23.7,61.1,0,Wheat,Black Soil,Germination,0,TIDAK,0.5933
2026-06-25T23:45:01.409685,23.7,61.1,0,Wheat,Black Soil,Germination,0,TIDAK,0.5933
2026-06-25T23:45:06.282627,23.7,61.3,0,Wheat,Black Soil,Germination,0,TIDAK,0.5933
2026-06-25T23:45:11.254834,23.8,61.4,0,Wheat,Black Soil,Germination,0,TIDAK,0.5933
2026-06-25T23:45:16.414929,23.8,60.9,0,Wheat,Black Soil,Germination,0,TIDAK,0.5933
2026-06-25T23:45:21.639921,23.8,60.5,0,Wheat,Black Soil,Germination,0,TIDAK,0.5867
2026-06-25T23:45:26.300047,23.8,60.3,0,Wheat,Black Soil,Germination,0,TIDAK,0.5867
2026-06-25T23:45:31.265560,23.8,60,0,Wheat,Black Soil,Germination,0,TIDAK,0.5800
2026-06-25T23:45:36.582793,23.8,59.9,0,Wheat,Black Soil,Germination,0,TIDAK,0.5800
2026-06-25T23:45:41.398169,23.8,60,0,Wheat,Black Soil,Germination,0,TIDAK,0.5800
2026-06-25T23:45:46.513677,23.8,60.1,0,Wheat,Black Soil,Germination,0,TIDAK,0.5867
2026-06-25T23:45:51.299671,23.8,60.3,0,Wheat,Black Soil,Germination,0,TIDAK,0.5867
2026-06-25T23:45:56.251918,23.8,59.7,0,Wheat,Black Soil,Germination,0,TIDAK,0.5800
2026-06-25T23:46:01.254604,23.7,59.6,0,Wheat,Black Soil,Germination,0,TIDAK,0.5800
2026-06-25T23:46:06.587889,23.7,60,0,Wheat,Black Soil,Germination,0,TIDAK,0.5800
2026-06-25T23:46:11.281217,23.7,60.7,0,Wheat,Black Soil,Germination,0,TIDAK,0.5933
2026-06-25T23:46:16.508350,23.7,61.2,0,Wheat,Black Soil,Germination,0,TIDAK,0.5933
2026-06-25T23:46:21.269129,23.7,61.5,0,Wheat,Black Soil,Germination,0,TIDAK,0.5933
2026-06-25T23:46:26.354213,23.7,61.5,0,Wheat,Black Soil,Germination,0,TIDAK,0.5933
2026-06-25T23:46:31.469210,23.7,61.2,0,Wheat,Black Soil,Germination,0,TIDAK,0.5933
2026-06-25T23:46:36.252822,23.7,60.5,0,Wheat,Black Soil,Germination,0,TIDAK,0.5867
2026-06-25T23:46:41.512932,23.7,60.4,0,Wheat,Black Soil,Germination,0,TIDAK,0.5867
2026-06-25T23:46:46.263304,23.7,60.8,1,Wheat,Black Soil,Germination,0,TIDAK,0.5933
2026-06-25T23:46:51.534546,23.6,61.4,1,Wheat,Black Soil,Germination,0,TIDAK,0.5933
2026-06-25T23:46:56.252393,23.7,61.8,0,Wheat,Black Soil,Germination,0,TIDAK,0.5933
2026-06-25T23:47:01.292165,23.6,61.5,0,Wheat,Black Soil,Germination,0,TIDAK,0.5933
2026-06-25T23:47:06.492619,23.6,61.6,0,Wheat,Black Soil,Germination,0,TIDAK,0.5933
2026-06-25T23:47:11.256825,23.6,62.1,0,Wheat,Black Soil,Germination,0,TIDAK,0.5933
2026-06-25T23:47:16.276734,23.6,62.7,0,Wheat,Black Soil,Germination,0,TIDAK,0.5933
2026-06-25T23:47:21.510907,23.6,63,0,Wheat,Black Soil,Germination,0,TIDAK,0.5933
2026-06-25T23:47:26.287902,23.6,63.1,0,Wheat,Black Soil,Germination,0,TIDAK,0.5933
2026-06-25T23:47:31.281016,23.7,63.1,0,Wheat,Black Soil,Germination,0,TIDAK,0.5933
2026-06-25T23:47:36.293199,23.7,63,0,Wheat,Black Soil,Germination,0,TIDAK,0.5933
2026-06-25T23:47:41.621557,23.7,62.6,0,Wheat,Black Soil,Germination,0,TIDAK,0.5933
2026-06-25T23:47:46.524014,23.7,62.5,0,Wheat,Black Soil,Germination,0,TIDAK,0.5933
2026-06-25T23:47:51.265410,23.6,62.3,0,Wheat,Black Soil,Germination,0,TIDAK,0.5933
2026-06-25T23:47:56.570722,23.6,62.3,0,Wheat,Black Soil,Germination,0,TIDAK,0.5933
2026-06-25T23:48:01.264425,23.6,62.4,0,Wheat,Black Soil,Germination,0,TIDAK,0.5933
2026-06-25T23:48:06.253593,23.5,62.5,0,Wheat,Black Soil,Germination,0,TIDAK,0.5933
2026-06-25T23:48:11.832221,23.5,62.9,0,Wheat,Black Soil,Germination,0,TIDAK,0.5933
2026-06-25T23:48:16.421740,23.5,62.9,0,Wheat,Black Soil,Germination,0,TIDAK,0.5933
2026-06-25T23:48:21.264321,23.5,63,0,Wheat,Black Soil,Germination,0,TIDAK,0.5933
2026-06-25T23:48:26.470308,23.5,63.1,0,Wheat,Black Soil,Germination,0,TIDAK,0.5933
2026-06-25T23:48:31.271809,23.5,63.6,0,Wheat,Black Soil,Germination,0,TIDAK,0.5933
2026-06-25T23:48:36.702781,23.5,64,0,Wheat,Black Soil,Germination,0,TIDAK,0.5933
2026-06-25T23:48:41.272659,23.5,63.8,0,Wheat,Black Soil,Germination,0,TIDAK,0.5933
2026-06-25T23:48:46.332079,23.5,64,0,Wheat,Black Soil,Germination,0,TIDAK,0.5933
2026-06-25T23:48:51.255663,23.5,63.9,0,Wheat,Black Soil,Germination,0,TIDAK,0.5933
2026-06-25T23:48:56.259007,23.5,64,0,Wheat,Black Soil,Germination,0,TIDAK,0.5933
2026-06-25T23:49:01.593134,23.5,64.2,0,Wheat,Black Soil,Germination,0,TIDAK,0.5933
2026-06-25T23:49:06.497510,23.5,64.4,0,Wheat,Black Soil,Germination,0,TIDAK,0.5933
2026-06-25T23:49:11.279799,23.5,64.2,0,Wheat,Black Soil,Germination,0,TIDAK,0.5933
2026-06-25T23:49:16.264796,23.5,63.9,0,Wheat,Black Soil,Germination,0,TIDAK,0.5933
2026-06-25T23:49:21.491330,23.5,64.1,0,Wheat,Black Soil,Germination,0,TIDAK,0.5933
2026-06-25T23:49:26.488733,23.5,64.8,0,Wheat,Black Soil,Germination,0,TIDAK,0.5933
2026-06-25T23:49:31.539744,23.5,65.3,0,Wheat,Black Soil,Germination,0,TIDAK,0.5933
2026-06-25T23:49:36.416695,23.5,65.5,0,Wheat,Black Soil,Germination,0,TIDAK,0.5933
2026-06-25T23:49:41.528618,23.5,65.2,1,Wheat,Black Soil,Germination,0,TIDAK,0.5933
2026-06-25T23:49:46.286052,23.5,65.1,0,Wheat,Black Soil,Germination,0,TIDAK,0.5933
2026-06-25T23:49:51.410146,23.5,64.9,0,Wheat,Black Soil,Germination,0,TIDAK,0.5933
2026-06-25T23:49:56.278738,23.5,64.9,0,Wheat,Black Soil,Germination,0,TIDAK,0.5933
2026-06-25T23:50:01.296081,23.5,65.3,0,Wheat,Black Soil,Germination,0,TIDAK,0.5933
2026-06-25T23:50:06.271784,23.6,65.3,0,Wheat,Black Soil,Germination,0,TIDAK,0.5933
2026-06-25T23:50:11.258499,23.6,65.1,0,Wheat,Black Soil,Germination,0,TIDAK,0.5933
2026-06-25T23:50:16.438637,23.6,65,0,Wheat,Black Soil,Germination,0,TIDAK,0.5933
2026-06-25T23:50:21.281634,23.6,65.2,0,Wheat,Black Soil,Germination,0,TIDAK,0.5933
2026-06-25T23:50:26.277662,23.6,65.4,0,Wheat,Black Soil,Germination,0,TIDAK,0.5933
2026-06-25T23:50:31.390112,23.6,65.5,0,Wheat,Black Soil,Germination,0,TIDAK,0.5933
2026-06-25T23:50:36.509591,23.6,65.3,0,Wheat,Black Soil,Germination,0,TIDAK,0.5933
2026-06-25T23:50:41.288757,23.6,65.5,0,Wheat,Black Soil,Germination,0,TIDAK,0.5933
2026-06-25T23:50:46.342553,23.6,65.6,0,Wheat,Black Soil,Germination,0,TIDAK,0.5933
2026-06-25T23:50:51.378694,23.6,65.6,0,Wheat,Black Soil,Germination,0,TIDAK,0.5933
2026-06-25T23:50:56.488698,23.7,65.7,0,Wheat,Black Soil,Germination,0,TIDAK,0.5933
2026-06-25T23:51:01.433679,23.7,65.8,0,Wheat,Black Soil,Germination,0,TIDAK,0.5867
2026-06-25T23:51:06.264134,23.7,65.8,0,Wheat,Black Soil,Germination,0,TIDAK,0.5867
2026-06-25T23:51:11.257834,23.7,65.7,0,Wheat,Black Soil,Germination,0,TIDAK,0.5933
2026-06-25T23:51:16.275298,23.7,65.7,0,Wheat,Black Soil,Germination,0,TIDAK,0.5933
2026-06-25T23:51:21.476295,23.8,65.8,0,Wheat,Black Soil,Germination,0,TIDAK,0.5867
2026-06-25T23:51:26.588582,23.8,65.8,0,Wheat,Black Soil,Germination,0,TIDAK,0.5867
2026-06-25T23:51:31.516721,23.8,65.9,0,Wheat,Black Soil,Germination,0,TIDAK,0.5867
2026-06-25T23:51:36.268117,23.9,66,0,Wheat,Black Soil,Germination,0,TIDAK,0.5867
2026-06-25T23:51:41.529600,23.9,66.1,0,Wheat,Black Soil,Germination,0,TIDAK,0.5867
2026-06-25T23:51:46.259289,23.9,66,0,Wheat,Black Soil,Germination,0,TIDAK,0.5867
2026-06-25T23:51:51.273758,23.9,65.6,0,Wheat,Black Soil,Germination,0,TIDAK,0.5933
2026-06-25T23:51:56.600377,23.9,65.1,0,Wheat,Black Soil,Germination,0,TIDAK,0.5933
2026-06-25T23:52:01.393424,23.9,64.7,0,Wheat,Black Soil,Germination,0,TIDAK,0.5933
2026-06-25T23:52:06.272336,23.9,64.7,1,Wheat,Black Soil,Germination,0,TIDAK,0.5933
2026-06-25T23:52:11.272827,23.9,65.2,0,Wheat,Black Soil,Germination,0,TIDAK,0.5933
2026-06-25T23:52:16.253711,23.9,65.8,0,Wheat,Black Soil,Germination,0,TIDAK,0.5867
2026-06-25T23:52:21.258376,23.9,66.1,0,Wheat,Black Soil,Germination,0,TIDAK,0.5867
2026-06-25T23:52:26.265701,23.9,65.8,0,Wheat,Black Soil,Germination,0,TIDAK,0.5867
2026-06-25T23:52:31.278227,23.9,65.2,0,Wheat,Black Soil,Germination,0,TIDAK,0.5933
2026-06-25T23:52:36.255028,23.9,65.4,0,Wheat,Black Soil,Germination,0,TIDAK,0.5933
2026-06-25T23:52:41.343002,23.9,65.6,0,Wheat,Black Soil,Germination,0,TIDAK,0.5933
2026-06-25T23:52:46.266804,23.9,65.6,0,Wheat,Black Soil,Germination,0,TIDAK,0.5933
2026-06-25T23:52:51.589649,23.9,65.9,0,Wheat,Black Soil,Germination,0,TIDAK,0.5867
2026-06-25T23:52:56.510977,23.9,65.5,0,Wheat,Black Soil,Germination,0,TIDAK,0.5933
2026-06-25T23:53:01.296103,23.9,65.5,0,Wheat,Black Soil,Germination,0,TIDAK,0.5933
2026-06-25T23:53:06.298112,23.9,65.5,0,Wheat,Black Soil,Germination,0,TIDAK,0.5933
2026-06-25T23:53:11.264738,23.9,65.8,0,Wheat,Black Soil,Germination,0,TIDAK,0.5867
2026-06-25T23:53:16.268741,24,66,0,Wheat,Black Soil,Germination,0,TIDAK,0.5867
2026-06-25T23:53:21.505476,23.9,66.1,0,Wheat,Black Soil,Germination,0,TIDAK,0.5867
2026-06-25T23:53:26.347748,24,65.8,1,Wheat,Black Soil,Germination,0,TIDAK,0.5867
2026-06-25T23:53:31.258084,24,65.7,1,Wheat,Black Soil,Germination,0,TIDAK,0.5933
2026-06-25T23:53:36.422094,24,65.5,1,Wheat,Black Soil,Germination,0,TIDAK,0.5933
2026-06-25T23:53:41.565011,24,65.6,0,Wheat,Black Soil,Germination,0,TIDAK,0.5933
2026-06-25T23:53:46.482110,24,65.8,0,Wheat,Black Soil,Germination,0,TIDAK,0.5867
2026-06-25T23:53:51.266558,24,66.1,0,Wheat,Black Soil,Germination,0,TIDAK,0.5867
2026-06-25T23:53:56.262081,24,66.2,0,Wheat,Black Soil,Germination,0,TIDAK,0.5867
2026-06-25T23:54:01.268641,24.1,66.3,0,Wheat,Black Soil,Germination,0,TIDAK,0.5867
2026-06-25T23:54:06.630175,24.1,66.4,0,Wheat,Black Soil,Germination,0,TIDAK,0.5867
2026-06-25T23:54:11.573918,24.1,66.3,0,Wheat,Black Soil,Germination,0,TIDAK,0.5867
2026-06-25T23:54:16.351849,24.1,65.6,0,Wheat,Black Soil,Germination,0,TIDAK,0.5933
2026-06-25T23:54:21.471105,24.1,65.3,0,Wheat,Black Soil,Germination,0,TIDAK,0.5933
2026-06-25T23:54:26.401634,24.1,65.3,0,Wheat,Black Soil,Germination,0,TIDAK,0.5933
2026-06-25T23:54:31.514366,24.1,65.6,0,Wheat,Black Soil,Germination,0,TIDAK,0.5933
2026-06-25T23:54:36.268193,24,66.1,0,Wheat,Black Soil,Germination,0,TIDAK,0.5867
2026-06-25T23:54:41.561638,24,66.2,0,Wheat,Black Soil,Germination,0,TIDAK,0.5867
2026-06-25T23:54:46.477134,24,66.3,0,Wheat,Black Soil,Germination,0,TIDAK,0.5867
2026-06-25T23:54:51.608059,24,66.4,0,Wheat,Black Soil,Germination,0,TIDAK,0.5867
2026-06-25T23:54:56.509268,24,66,0,Wheat,Black Soil,Germination,0,TIDAK,0.5867
2026-06-25T23:55:01.262313,24,65.8,0,Wheat,Black Soil,Germination,0,TIDAK,0.5867
2026-06-25T23:55:06.268748,24,66.1,0,Wheat,Black Soil,Germination,0,TIDAK,0.5867
2026-06-25T23:55:11.253272,24,66.2,0,Wheat,Black Soil,Germination,0,TIDAK,0.5867
2026-06-25T23:55:16.273591,23.9,66.8,0,Wheat,Black Soil,Germination,0,TIDAK,0.5867
2026-06-25T23:55:21.335478,23.9,67.5,0,Wheat,Black Soil,Germination,0,TIDAK,0.5867
2026-06-25T23:55:26.260720,23.9,68,0,Wheat,Black Soil,Germination,0,TIDAK,0.5933
2026-06-25T23:55:31.279945,24,68.3,0,Wheat,Black Soil,Germination,0,TIDAK,0.5933
2026-06-25T23:55:36.275441,24,68.3,0,Wheat,Black Soil,Germination,0,TIDAK,0.5933
2026-06-25T23:55:41.327032,24,68.3,1,Wheat,Black Soil,Germination,0,TIDAK,0.5933
2026-06-25T23:55:46.589231,24,68.2,1,Wheat,Black Soil,Germination,0,TIDAK,0.5933
2026-06-25T23:55:52.311454,24.1,68.1,0,Wheat,Black Soil,Germination,0,TIDAK,0.5933
2026-06-25T23:55:56.275254,24.1,68.1,0,Wheat,Black Soil,Germination,0,TIDAK,0.5933
2026-06-25T23:56:01.277642,24.1,68.3,0,Wheat,Black Soil,Germination,0,TIDAK,0.5933
2026-06-25T23:56:06.303706,24.1,68.2,0,Wheat,Black Soil,Germination,0,TIDAK,0.5933
2026-06-25T23:56:11.321394,24.1,68.1,0,Wheat,Black Soil,Germination,0,TIDAK,0.5933
2026-06-25T23:56:16.777567,24.2,68,0,Wheat,Black Soil,Germination,0,TIDAK,0.5933
2026-06-25T23:56:21.299295,24.1,67.8,0,Wheat,Black Soil,Germination,0,TIDAK,0.5933
2026-06-25T23:56:26.275734,24.2,67.7,0,Wheat,Black Soil,Germination,0,TIDAK,0.5867
2026-06-25T23:56:31.336806,24.2,67.8,0,Wheat,Black Soil,Germination,0,TIDAK,0.5933
2026-06-25T23:56:36.461980,24.2,67.7,0,Wheat,Black Soil,Germination,0,TIDAK,0.5867
2026-06-25T23:56:41.571425,24.2,67.6,0,Wheat,Black Soil,Germination,0,TIDAK,0.5867
2026-06-25T23:56:46.273746,24.3,67.6,0,Wheat,Black Soil,Germination,0,TIDAK,0.5867
2026-06-25T23:56:51.493043,24.3,67.5,0,Wheat,Black Soil,Germination,0,TIDAK,0.5867
2026-06-25T23:56:56.323114,24.3,67.5,0,Wheat,Black Soil,Germination,0,TIDAK,0.5867
2026-06-25T23:57:01.297024,24.3,67.3,0,Wheat,Black Soil,Germination,0,TIDAK,0.5867
2026-06-25T23:57:06.270487,24.4,67.2,0,Wheat,Black Soil,Germination,0,TIDAK,0.5867
2026-06-25T23:57:11.268546,24.4,67.1,0,Wheat,Black Soil,Germination,0,TIDAK,0.5867
2026-06-25T23:57:16.317474,24.4,67.1,0,Wheat,Black Soil,Germination,0,TIDAK,0.5867
2026-06-25T23:57:21.491876,24.4,67,0,Wheat,Black Soil,Germination,0,TIDAK,0.5867
2026-06-25T23:57:26.653027,24.4,67.1,0,Wheat,Black Soil,Germination,0,TIDAK,0.5867
2026-06-25T23:57:31.459120,24.4,67.1,0,Wheat,Black Soil,Germination,0,TIDAK,0.5867
2026-06-25T23:57:36.702657,24.4,67.2,0,Wheat,Black Soil,Germination,0,TIDAK,0.5867
2026-06-25T23:57:41.578189,24.5,67.3,0,Wheat,Black Soil,Germination,0,TIDAK,0.5867
2026-06-25T23:57:46.306113,24.5,67.2,0,Wheat,Black Soil,Germination,0,TIDAK,0.5867
2026-06-25T23:57:51.532564,24.5,67.2,0,Wheat,Black Soil,Germination,0,TIDAK,0.5867
2026-06-25T23:57:56.552466,24.5,67.1,0,Wheat,Black Soil,Germination,0,TIDAK,0.5867
2026-06-25T23:58:01.257287,24.5,67,0,Wheat,Black Soil,Germination,0,TIDAK,0.5867
2026-06-25T23:58:06.306938,24.5,66.9,0,Wheat,Black Soil,Germination,0,TIDAK,0.5867
2026-06-25T23:58:11.272671,24.5,67,0,Wheat,Black Soil,Germination,0,TIDAK,0.5867
2026-06-25T23:58:19.017290,24.5,66.9,0,Wheat,Black Soil,Germination,0,TIDAK,0.5867
2026-06-25T23:58:21.255354,24.5,66.9,0,Wheat,Black Soil,Germination,0,TIDAK,0.5867
2026-06-25T23:58:26.258751,24.5,66.9,0,Wheat,Black Soil,Germination,0,TIDAK,0.5867
2026-06-25T23:58:31.324286,24.5,66.9,0,Wheat,Black Soil,Germination,0,TIDAK,0.5867
2026-06-25T23:58:36.289022,24.5,66.8,0,Wheat,Black Soil,Germination,0,TIDAK,0.5867
2026-06-25T23:58:41.597437,24.5,67.1,0,Wheat,Black Soil,Germination,0,TIDAK,0.5867
2026-06-25T23:58:46.281487,24.5,67.1,0,Wheat,Black Soil,Germination,0,TIDAK,0.5867
2026-06-25T23:58:51.280748,24.6,67,0,Wheat,Black Soil,Germination,1,SIRAM,0.9867
2026-06-25T23:58:56.293132,24.6,67,0,Wheat,Black Soil,Germination,1,SIRAM,0.9867
2026-06-25T23:59:01.256704,24.6,66.8,0,Wheat,Black Soil,Germination,1,SIRAM,0.9867
2026-06-25T23:59:06.576462,24.6,66.1,0,Wheat,Black Soil,Germination,1,SIRAM,0.9867
2026-06-25T23:59:11.295722,24.5,66,0,Wheat,Black Soil,Germination,0,TIDAK,0.5867
2026-06-25T23:59:16.278457,24.5,66.4,0,Wheat,Black Soil,Germination,0,TIDAK,0.5867
2026-06-25T23:59:21.280666,24.5,66.9,0,Wheat,Black Soil,Germination,0,TIDAK,0.5867
2026-06-25T23:59:26.315305,24.5,66.9,0,Wheat,Black Soil,Germination,0,TIDAK,0.5867
2026-06-25T23:59:31.284862,24.5,66.8,0,Wheat,Black Soil,Germination,0,TIDAK,0.5867
2026-06-25T23:59:36.312967,24.4,66.8,0,Wheat,Black Soil,Germination,0,TIDAK,0.5867
2026-06-25T23:59:41.319586,24.4,66.5,0,Wheat,Black Soil,Germination,0,TIDAK,0.5867
2026-06-25T23:59:46.264902,24.3,66.6,0,Wheat,Black Soil,Germination,0,TIDAK,0.5867
2026-06-25T23:59:51.290468,24.3,66.8,0,Wheat,Black Soil,Germination,0,TIDAK,0.5867
2026-06-25T23:59:56.292066,24.2,67,0,Wheat,Black Soil,Germination,0,TIDAK,0.5867
2026-06-26T00:00:01.259288,24.2,67.6,0,Wheat,Black Soil,Germination,0,TIDAK,0.5867
2026-06-26T00:00:06.763526,24.1,68.1,0,Wheat,Black Soil,Germination,0,TIDAK,0.5933
2026-06-26T00:00:11.280467,24.1,68.1,0,Wheat,Black Soil,Germination,0,TIDAK,0.5933
2026-06-26T00:00:16.556443,24.1,68.4,0,Wheat,Black Soil,Germination,0,TIDAK,0.5933
2026-06-26T00:00:21.294892,24.1,68.6,0,Wheat,Black Soil,Germination,0,TIDAK,0.5933
2026-06-26T00:00:26.303064,24.1,68.6,0,Wheat,Black Soil,Germination,0,TIDAK,0.5933
2026-06-26T00:00:31.760050,24.1,68.9,0,Wheat,Black Soil,Germination,0,TIDAK,0.6000
2026-06-26T00:00:36.446422,24.1,68.4,0,Wheat,Black Soil,Germination,0,TIDAK,0.5933
2026-06-26T00:00:41.400483,24.1,68.4,1,Wheat,Black Soil,Germination,0,TIDAK,0.5933
2026-06-26T00:00:46.351341,24.1,68.2,0,Wheat,Black Soil,Germination,0,TIDAK,0.5933
2026-06-26T00:00:51.263299,24.1,68,0,Wheat,Black Soil,Germination,0,TIDAK,0.5933
2026-06-26T00:00:56.251575,24,68.5,0,Wheat,Black Soil,Germination,0,TIDAK,0.5933
2026-06-26T00:01:01.270538,24,68.9,0,Wheat,Black Soil,Germination,0,TIDAK,0.6000
2026-06-26T00:01:06.578246,24,69.3,0,Wheat,Black Soil,Germination,0,TIDAK,0.6000
2026-06-26T00:01:11.275423,24,69.4,0,Wheat,Black Soil,Germination,0,TIDAK,0.6000
2026-06-26T00:01:16.249702,24.1,69.3,0,Wheat,Black Soil,Germination,0,TIDAK,0.6000
2026-06-26T00:01:21.270077,24.1,69.4,0,Wheat,Black Soil,Germination,0,TIDAK,0.6000
2026-06-26T00:01:26.462019,24.1,69.5,0,Wheat,Black Soil,Germination,0,TIDAK,0.6000
2026-06-26T00:01:31.570958,24.1,69.3,0,Wheat,Black Soil,Germination,0,TIDAK,0.6000
2026-06-26T00:01:36.500139,24.1,69.1,0,Wheat,Black Soil,Germination,0,TIDAK,0.6000
2026-06-26T00:01:41.317659,24.2,69.3,0,Wheat,Black Soil,Germination,0,TIDAK,0.6000
2026-06-26T00:01:46.511958,24.2,69.5,0,Wheat,Black Soil,Germination,0,TIDAK,0.6000
2026-06-26T00:01:51.288883,24.2,69.4,0,Wheat,Black Soil,Germination,0,TIDAK,0.6000
2026-06-26T00:01:56.259730,24.2,69.3,0,Wheat,Black Soil,Germination,0,TIDAK,0.6000
